NO,MOVIE_NM,DRCTR_NM,MAKR_NM,INCME_CMPNY_NM,DISTB_CMPNY_NM,OPN_DE,MOVIE_TY_NM,MOVIE_STLE_NM,NLTY_NM,TOT_SCRN_CO,SALES_PRICE,VIEWNG_NMPR_CO,SEOUL_SALES_PRICE,SEOUL_VIEWNG_NMPR_CO,GENRE_NM,GRAD_NM,MOVIE_SDIV_NM
"1","하얼빈","우민호","(주)하이브미디어코프",,"(주)씨제이이엔엠","20241224","개봉영화","장편","한국","2,125","19,891,114,780","2,068,565","5,011,974,480","498,761","드라마","15세이상관람가","일반영화"
"2","히트맨2","최원섭","베리굿스튜디오(주),스튜디오타겟(주)",,"(주)바이포엠스튜디오","20250122","개봉영화","장편","한국","1,507","15,576,824,740","1,654,428","2,804,112,620","289,962","코미디","15세이상관람가","일반영화"
"3","검은 수녀들","권혁재","영화사 집",,"(주)넥스트엔터테인먼트월드(NEW)","20250124","개봉영화","장편","한국","1,662","12,271,351,520","1,267,798","3,127,208,200","307,333","미스터리","15세이상관람가","일반영화"
"4","소방관","곽경택","주식회사 에스크로드,(주)아센디오",,"(주)바이포엠스튜디오","20241204","개봉영화","장편","한국","1,414","5,084,748,380","533,707","937,727,120","95,422","드라마","12세이상관람가","일반영화"
"5","뽀로로 극장판 바닷속 대모험","윤제완","(주)오콘",,"씨제이 씨지브이(CJ CGV)(주)","20250101","개봉영화","장편","한국","791","2,926,095,680","342,639","364,997,540","40,451","애니메이션","전체관람가","일반영화"
"6","수퍼 소닉3","제프 파울러","파라마운트 픽쳐스","롯데컬처웍스(주)롯데엔터테인먼트","롯데컬처웍스(주)롯데엔터테인먼트","20250101","개봉영화","장편","미국","882","3,034,503,010","332,198","627,670,080","65,074","애니메이션","전체관람가","일반영화"
"7","보고타: 마지막 기회의 땅","김성제","(주)영화사수박,(주)이디오플랜",,"플러스엠 엔터테인먼트","20241231","개봉영화","장편","한국","1,029","2,994,218,870","321,425","755,823,420","78,951","범죄","15세이상관람가","일반영화"
"8","말할 수 없는 비밀","서유민","(주)하이브미디어코프",,"플러스엠 엔터테인먼트","20250127","개봉영화","장편","한국","864","2,218,501,920","235,293","662,571,280","66,440","판타지","전체관람가","일반영화"
"9","극장판 짱구는 못말려: 우리들의 공룡일기","사사키 시노부",,"(주)씨제이이엔엠","(주)씨제이이엔엠","20241218","개봉영화","장편","일본","880","1,982,522,760","211,364","311,018,320","31,634","애니메이션","전체관람가","일반영화"
"10","서브스턴스","코랄리 파르쟈",,"찬란","(주)넥스트엔터테인먼트월드(NEW)","20241211","개봉영화","장편","영국","372","1,919,029,100","197,098","1,011,812,540","102,370","스릴러","청소년관람불가","독립/예술영화"
"11","무파사: 라이온 킹","배리 젠킨스",,"월트디즈니컴퍼니코리아 유한책임회사","월트디즈니컴퍼니코리아 유한책임회사","20241218","개봉영화","장편","미국","1,243","1,783,859,460","192,066","507,977,760","51,298","애니메이션","전체관람가","일반영화"
"12","모아나 2","데이브 데릭 주니어",,"월트디즈니컴퍼니코리아 유한책임회사","월트디즈니컴퍼니코리아 유한책임회사","20241127","개봉영화","장편","미국","1,985","1,610,090,800","170,172","375,510,840","38,065","애니메이션","전체관람가","일반영화"
"13","위키드","존 추",,"유니버설픽쳐스인터내셔널 코리아(유)","유니버설픽쳐스인터내셔널 코리아(유)","20241120","개봉영화","장편","미국","1,803","1,721,382,760","168,619","833,472,600","80,539","판타지","전체관람가","일반영화"
"14","동화지만 청불입니다","이종석","골드독엔터테인먼트(주),(주)기억속의매미",,"(주)미디어캔,(주)영화특별시에스엠씨","20250108","개봉영화","장편","한국","668","1,544,500,040","165,954","460,365,620","48,615","코미디","청소년관람불가","일반영화"
"15","극장판 포켓몬스터 AG: 뮤와 파동의 용사 루카리오","유야마 쿠니히코",,"(주)포켓몬코리아","롯데컬처웍스(주)롯데엔터테인먼트","20250122","개봉영화","장편","일본","667","1,088,287,040","122,615","207,686,660","22,173","애니메이션","전체관람가","일반영화"
"16","시빌 워: 분열의 시대","알렉스 가랜드",,"(주)더쿱디스트리뷰션","(주)마인드마크","20241231","개봉영화","장편","미국","662","936,683,630","90,808","356,798,800","33,415","액션","15세이상관람가","독립/예술영화"
"17","더 폴: 디렉터스 컷","타셈 싱",,"오드","오드","20241225","개봉영화","장편","영국","89","647,738,200","64,524","387,306,800","37,639","드라마","12세이상관람가","일반영화"
"18","아이유 콘서트 : 더 위닝","이예지,오윤동","씨제이포디플렉스 주식회사,스크린엑스 스튜디오",,"씨지브이 아이스콘,씨제이포디플렉스 주식회사","20250124","개봉영화","장편","한국","118","1,275,449,500","46,405","603,729,500","22,000","공연","전체관람가","일반영화"
"19","귀신경찰","김영준","HJ필름",,"(주)제이앤씨미디어그룹,와이드 릴리즈(주)","20250124","개봉영화","장편","한국","378","390,197,400","43,856","86,100,200","9,793","코미디","12세이상관람가","일반영화"
"20","페라리","마이클 만",,"주식회사 왓챠","(주)씨제이이엔엠","20250108","개봉영화","장편","미국","562","404,332,020","42,032","183,333,960","18,420","드라마","15세이상관람가","독립/예술영화"
"21","데드데드 데몬즈 디디디디 디스트럭션: 파트1",,,"(주)더쿱디스트리뷰션","주식회사 올랄라스토리,롯데컬처웍스(주)롯데시네마","20250108","개봉영화","장편","일본","375","239,088,320","28,748","114,958,660","13,752","애니메이션","15세이상관람가","독립/예술영화"
"22","슈퍼 엘프: 빨간모자 비밀요정","우테 폰 뮌쇼폴",,"(주)박수엔터테인먼트","(주)박수엔터테인먼트","20250115","개봉영화","장편","독일","171","158,587,400","24,838","43,224,300","7,022","애니메이션","전체관람가","일반영화"
"23","꼬마 판다 팡의 아프리카 대모험","리처드 클라우스,카스텐 킬러리치",,"(주)엔케이컨텐츠","(주)디스테이션","20250122","개봉영화","장편","네덜란드","198","206,149,800","24,226","31,296,900","3,838","애니메이션","전체관람가","독립/예술영화"
"24","노스페라투","로버트 에거스",,"유니버설픽쳐스인터내셔널 코리아(유)","유니버설픽쳐스인터내셔널 코리아(유)","20250115","개봉영화","장편","미국","362","243,932,000","23,918","116,215,000","11,174","공포(호러)","청소년관람불가","일반영화"
"25","대가족","양우석","게니우스 유한회사",,"롯데컬처웍스(주)롯데엔터테인먼트","20241211","개봉영화","장편","한국","939","198,977,900","23,616","82,921,900","9,928","드라마","12세이상관람가","일반영화"
"26","폭락","현해리","주식회사 무암",,"주식회사 무암,영화로운 형제","20250115","개봉영화","장편","한국","376","195,019,520","22,293","74,297,400","8,171","드라마","15세이상관람가","독립/예술영화"
"27","바다 탐험대 옥토넛 어보브 앤 비욘드 : 극지방 대작전",,,"(주)얼리버드픽쳐스,와이드 릴리즈(주)","와이드 릴리즈(주)","20250127","개봉영화","장편","영국","208","205,738,500","21,816","46,409,000","4,799","애니메이션","전체관람가","일반영화"
"28","더 퍼스트 슬램덩크","이노우에 다케히코",,"에스엠지홀딩스 주식회사","(주)넥스트엔터테인먼트월드(NEW)","20230104","개봉영화","장편","일본","1,023","233,796,260","18,617","95,452,500","7,918","애니메이션","12세이상관람가","일반영화"
"29","이처럼 사소한 것들",,,"그린나래미디어(주)","그린나래미디어(주),(주)스튜디오 산타클로스엔터테인먼트","20241211","개봉영화","장편","미국","78","164,171,700","16,983","123,113,000","11,922","드라마","12세이상관람가","독립/예술영화"
"30","고스트캣 앙주","야마시타 노부히로,쿠노 요코",,"(주)얼리버드픽쳐스","와이드 릴리즈(주)","20250122","개봉영화","장편","일본","137","146,132,600","16,681","49,345,900","5,636","애니메이션","전체관람가","독립/예술영화"
"31","리얼 페인","제시 아이젠버그",,"월트디즈니컴퍼니코리아 유한책임회사","월트디즈니컴퍼니코리아 유한책임회사","20250115","개봉영화","장편","미국","284","138,247,680","14,525","71,555,760","7,292","드라마","15세이상관람가","독립/예술영화"
"32","니코: 오로라 원정대의 모험","캐리 주스넌,요르겐 레르담",,"(주)블루라벨픽쳐스","TCO(주)더콘텐츠온,메가박스중앙(주)","20241225","개봉영화","장편","독일","393","65,403,800","8,446","19,224,500","2,420","애니메이션","전체관람가","일반영화"
"33","코넬의 상자","이현지","(주)지티지그룹",,"와이드 릴리즈(주)","20250108","개봉영화","장편","한국","54","44,183,900","8,421","19,190,100","3,624","미스터리","15세이상관람가","일반영화"
"34","쇼잉 업","켈리 라이카트",,"엠엔엠인터내셔널(주)","엠엔엠인터내셔널(주)","20250108","개봉영화","장편","미국","46","76,970,200","7,905","53,150,300","5,161","드라마","12세이상관람가","독립/예술영화"
"35","애니멀 킹덤","토마스 카일리",,"(주)스튜디오디에이치엘","그린나래미디어(주),(주)스튜디오디에이치엘","20250122","개봉영화","장편","프랑스","96","72,693,400","7,567","41,389,500","4,059","미스터리","15세이상관람가","독립/예술영화"
"36","카라바조의 그림자","미첼 프라치도",,"(주)영화사 진진","(주)영화사 진진","20250122","개봉영화","장편","이탈리아","35","63,713,560","6,961","43,897,760","4,551","드라마","청소년관람불가","독립/예술영화"
"37","사일런트 러브","우치다 에이지",,"(주)미디어캐슬","(주)미디어캐슬","20250108","개봉영화","장편","일본","126","44,643,700","5,844","18,202,200","2,420","멜로/로맨스","15세이상관람가","일반영화"
"38","(여자)아이들 월드투어 [아이돌] 인 시네마","오윤동","씨제이포디플렉스 주식회사,스크린엑스 스튜디오",,"씨제이포디플렉스 주식회사,씨지브이 아이스콘","20250108","개봉영화","장편","한국","74","132,350,000","5,294","86,175,000","3,447","공연","12세이상관람가","일반영화"
"39","메모리","미셸 프랑코",,"(주)티캐스트","(주)티캐스트","20250122","개봉영화","장편","미국","35","47,136,300","5,056","35,646,800","3,679","드라마","15세이상관람가","독립/예술영화"
"40","김재중 20주년 기념 콘서트 : 플라워 가든","손석",,,"씨지브이 아이스콘","20250109","개봉영화","장편","한국","41","123,853,700","4,975","101,467,200","4,077","공연","전체관람가","일반영화"
"41","언데드 다루는 법","테아 히비스텐달",,"판씨네마(주)","판씨네마(주)","20250122","개봉영화","장편","노르웨이","64","42,102,500","4,745","24,783,500","2,726","드라마","15세이상관람가","독립/예술영화"
"42","퍼스트레이디",,"서울의소리",,"영화사키노(주),주식회사 블루필름웍스","20241212","개봉영화","장편","한국","117","41,900,900","4,575","15,100,300","1,482","다큐멘터리","12세이상관람가","독립/예술영화"
"43","파문","오기가미 나오코",,"(주)엔케이컨텐츠","(주)디스테이션","20250115","개봉영화","장편","일본","97","41,024,600","4,356","23,828,000","2,366","드라마","12세이상관람가","독립/예술영화"
"44","문워크","신현규","마리솔(주)",,"필름다빈","20250122","개봉영화","장편","한국","41","34,812,500","4,001","20,682,200","2,246","드라마","15세이상관람가","독립/예술영화"
"45","총을 든 스님",,,"주식회사 슈아픽처스","주식회사 슈아픽처스","20250101","개봉영화","장편","기타","32","29,508,100","3,369","15,893,200","1,575","드라마","전체관람가","독립/예술영화"
"46","반지의 제왕: 로히림의 전쟁","카미야마 켄지",,"워너브러더스 코리아(주)","워너브러더스 코리아(주)","20250125","개봉영화","장편","미국","161","32,251,000","3,309","12,151,500","1,225","애니메이션","12세이상관람가","일반영화"
"47","피스 바이 피스","모건 네빌",,"유니버설픽쳐스인터내셔널 코리아(유)","유니버설픽쳐스인터내셔널 코리아(유)","20250108","개봉영화","장편","미국","67","28,467,200","3,301","12,308,400","1,417","애니메이션","전체관람가","일반영화"
"48","아노라","션 베이커",,"유니버설픽쳐스인터내셔널 코리아(유)","유니버설픽쳐스인터내셔널 코리아(유)","20241106","개봉영화","장편","미국","314","30,006,100","3,028","28,160,100","2,797","드라마","청소년관람불가","독립/예술영화"
"49","은혼 가시아귀편 온 씨어터","후지타 요이치",,"에스엠지홀딩스 주식회사","에스엠지홀딩스 주식회사","20250124","개봉영화","장편","일본","1","33,324,200","2,804","33,324,200","2,804","애니메이션","12세이상관람가","일반영화"
"50","히든페이스","김대우","(주)스튜디오앤뉴",,"(주)넥스트엔터테인먼트월드(NEW)","20241120","개봉영화","장편","한국","1,072","29,620,000","2,803","17,539,400","1,629","스릴러","청소년관람불가","일반영화"
"51","성 베드로 대성당과 로마의 교황청 대성당들",,,"일미디어","일미디어","20250115","개봉영화","장편","이탈리아","19","22,610,400","2,725","14,598,100","1,557","다큐멘터리","전체관람가","독립/예술영화"
"52","룸 넥스트 도어","페드로 알모도바르",,"워너브러더스 코리아(주)","워너브러더스 코리아(주)","20241023","개봉영화","장편","미국","151","24,987,000","2,536","23,519,000","2,343","드라마","15세이상관람가","일반영화"
"53","정동원 성탄총동원 더 무비","나상인","(주)영화사 그램",,"씨지브이 아이스콘","20241218","개봉영화","장편","한국","64","62,956,000","2,519","36,595,500","1,464","공연","전체관람가","일반영화"
"54","은빛살구","장만민","한국영화아카데미",,"(주)마노엔터테인먼트","20250115","개봉영화","장편","한국","25","20,532,100","2,517","13,166,000","1,498","드라마","12세이상관람가","독립/예술영화"
"55","더 엑소시즘",,,"(주)누리픽쳐스","(주)누리픽쳐스","20250115","개봉영화","장편","미국","117","25,128,800","2,484","5,029,200","469","공포(호러)","15세이상관람가","일반영화"
"56","벌집의 정령","빅토르 에리세",,"엠엔엠인터내셔널(주)","엠엔엠인터내셔널(주)","20250129","개봉영화","장편","스페인","36","19,311,860","2,209","12,158,560","1,350","드라마","12세이상관람가","독립/예술영화"
"57","그들은 피아노 연주자를 쐈다","페르난도 트루에바,하비에르 마리스칼",,"찬란","찬란","20250129","개봉영화","장편","스페인","35","16,234,200","1,710","11,483,800","1,166","애니메이션","12세이상관람가","독립/예술영화"
"58","투 브라더스","닥터 케이","토우미디어,㈜닥터케이프로덕션",,"㈜닥터케이프로덕션","20250115","개봉영화","장편","한국","7","13,438,500","1,325","9,335,800","919","다큐멘터리","15세이상관람가","일반영화"
"59","1승","신연식","(주) 루스이소니도스",,"(주)콘텐츠지오,(주)키다리스튜디오,(주)아티스트유나이티드","20241204","개봉영화","장편","한국","995","10,821,800","1,184","2,809,800","283","드라마","12세이상관람가","일반영화"
"60","장손","오정민","영화사 대명",,"㈜인디스토리","20240911","개봉영화","장편","한국","60","8,879,500","996","6,721,900","701","가족","12세이상관람가","독립/예술영화"
"61","룩백","오시야마 키요타카",,"메가박스중앙(주)","메가박스중앙(주)","20240905","개봉영화","장편","일본","206","9,092,900","981","7,007,900","719","애니메이션","전체관람가","일반영화"
"62","호랑님의 생일날","이광범","(주)니즈텔레콤",,"(주)니즈텔레콤","20241004","개봉영화","장편","한국","1","5,880,000","980","1,068,000","178","기타","전체관람가","일반영화"
"63","알레고리, 잇츠 낫 미",,,"엠엔엠인터내셔널(주)","엠엔엠인터내셔널(주)","20241218","개봉영화","옴니버스","프랑스","29","9,200,900","909","7,694,000","705","기타","15세이상관람가","독립/예술영화"
"64","힘을 낼 시간","남궁선","국가인권위원회,비포위다이",,"(주)엣나인필름","20241218","개봉영화","장편","한국","60","8,584,500","907","6,076,500","571","드라마","12세이상관람가","독립/예술영화"
"65","침몰 10년, 제로썸","윤솔지","네번째달",,"한국스마트협동조합","20241121","개봉영화","장편","한국","3","7,821,000","900","2,222,000","202","다큐멘터리","12세이상관람가","일반영화"
"66","클로즈 유어 아이즈","빅토르 에리세",,"엠엔엠인터내셔널(주)","엠엔엠인터내셔널(주)","20241106","개봉영화","장편","스페인","34","7,649,100","885","5,394,800","551","드라마","12세이상관람가","독립/예술영화"
"67","괴물","고레에다 히로카즈",,"(주)미디어캐슬","(주)넥스트엔터테인먼트월드(NEW)","20231129","개봉영화","장편","일본","647","6,183,000","704","3,603,000","338","드라마","12세이상관람가","독립/예술영화"
"68","모든 것은 아르망에서 시작되었다",,,"(주)영화사 진진","(주)영화사 진진","20241225","개봉영화","장편","노르웨이","24","6,195,500","698","4,161,000","400","드라마","12세이상관람가","독립/예술영화"
"69","면접교섭","이주아","감성스토리",,"필름다빈","20241225","개봉영화","장편","한국","11","5,492,500","678","1,517,500","164","다큐멘터리","전체관람가","독립/예술영화"
"70","페르소나: 이상한 여자","정형석","(주)태양미디어그룹,닷팩토리",,"(주)플레이그램,(주)태양미디어그룹","20250115","개봉영화","장편","한국","19","6,201,800","672","5,004,500","506","드라마","15세이상관람가","독립/예술영화"
"71","부모 바보","이종수","보리수나무영화사",,"보리수나무영화사","20250108","개봉영화","장편","한국","17","5,650,500","611","4,015,500","393","드라마","15세이상관람가","독립/예술영화"
"72","빌리와 용감한 녀석들: 스노우 베어 구조대","가브리엘 리바 팔라시오 알라트리스테,로돌포 리바 팔라시오 알라트리스테",,"(주)박수엔터테인먼트","(주)박수엔터테인먼트","20241107","개봉영화","장편","멕시코","323","3,402,000","563","906,000","151","애니메이션","전체관람가","일반영화"
"73","아침바다 갈매기는","박이웅","(주)고집스튜디오",,"(주)트리플픽쳐스","20241127","개봉영화","장편","한국","47","4,316,000","519","1,242,000","136","드라마","12세이상관람가","독립/예술영화"
"74","하이퍼 프로젝션 연극 하이큐!!",,,"에스엠지홀딩스 주식회사","에스엠지홀딩스 주식회사","20250124","개봉영화","장편","일본","1","5,430,500","501","5,430,500","501","공연","12세이상관람가","일반영화"
"75","한 채","정범,허장","DGC,(주)타이거시네마",,"영화배급협동조합 씨네소파","20241120","개봉영화","장편","한국","30","1,752,500","436","396,000","39","드라마","12세이상관람가","독립/예술영화"
"76","언니 유정","정해일","㈜스튜디오 하이파이브",,"찬란","20241204","개봉영화","장편","한국","56","1,428,000","428","1,089,000","380","가족","12세이상관람가","독립/예술영화"
"77","사랑의 하츄핑","김수훈","(주)에스에이엠지엔터테인먼트",,"(주)쇼박스","20240807","개봉영화","장편","한국","1,159","2,636,500","399","0","0","애니메이션","전체관람가","일반영화"
"78","괜찮아, 앨리스","양지혜","오마이뉴스",,"미디어나무(주)","20241113","개봉영화","장편","한국","99","2,726,000","389","0","0","다큐멘터리","전체관람가","독립/예술영화"
"79","움베르토 에코. 세계의 도서관",,,"일미디어","일미디어","20241211","개봉영화","장편","이탈리아","18","2,859,000","367","1,179,000","127","다큐멘터리","전체관람가","독립/예술영화"
"80","미망","김태양","주식회사 제이콥홀딩스,영화사 은하수",,"(주)영화사 진진","20241120","개봉영화","장편","한국","57","2,603,000","303","1,914,000","196","멜로/로맨스","12세이상관람가","독립/예술영화"
"81","와일드 로봇","크리스 샌더스",,"유니버설픽쳐스인터내셔널 코리아(유)","유니버설픽쳐스인터내셔널 코리아(유)","20241001","개봉영화","장편","미국","1,062","2,426,000","297","0","0","애니메이션","전체관람가","일반영화"
"82","전장의 크리스마스","오시마 나기사",,"(주)엣나인필름","(주)엣나인필름","20241120","개봉영화","장편","영국","65","2,779,500","293","2,388,000","223","드라마","15세이상관람가","독립/예술영화"
"83","춘천대첩 72시간","최동호,장이레","주식회사 나인픽처스",,"(주)다자인소프트","20241113","개봉영화","장편","한국","52","2,134,000","292","1,092,000","91","다큐멘터리","전체관람가","독립/예술영화"
"84","엘리자벳: 더 뮤지컬 라이브","박재석","(주)위즈온센",,"(주)위즈온센,메가박스중앙(주)","20241016","개봉영화","장편","한국","129","7,110,000","291","7,110,000","291","공연","12세이상관람가","일반영화"
"85","베놈: 라스트 댄스","켈리 마르셀",,"소니픽쳐스엔터테인먼트코리아주식회사극장배급지점","소니픽쳐스엔터테인먼트코리아주식회사극장배급지점","20241023","개봉영화","장편","미국","1,663","2,791,800","288","1,397,200","139","액션","15세이상관람가","일반영화"
"86","엠알 나인","아시프 아크바르",,"(주)블루라벨픽쳐스","(주)블루라벨픽쳐스","20250122","개봉영화","장편","미국","20","1,662,000","280","100,000","20","범죄","15세이상관람가","일반영화"
"87","에이전트 레컨",,,"주식회사 풍경소리","주식회사 풍경소리","20250117","개봉영화","장편","미국","20","1,376,000","241","100,000","20","SF","15세이상관람가","일반영화"
"88","퍼펙트 데이즈","빔 벤더스",,"(주)티캐스트","(주)티캐스트","20240703","개봉영화","장편","일본","137","2,440,000","229","2,017,000","185","드라마","12세이상관람가","독립/예술영화"
"89","저니 투 베들레헴",,,,"길갈","20241120","개봉영화","장편","미국","76","1,595,000","213","77,000","7","가족","전체관람가","일반영화"
"90","극장판 아이돌리쉬 세븐; 라이브 4비트 비욘드 더 피리어드 - 데이 2","니시키오리 히로시",,"메가박스중앙(주)","메가박스중앙(주)","20231019","개봉영화","장편","일본","78","1,938,000","204","1,938,000","204","애니메이션","전체관람가","일반영화"
"91","청설","조선호","(주)무비락",,"플러스엠 엔터테인먼트","20241106","개봉영화","장편","한국","1,060","1,884,000","202","0","0","드라마","전체관람가","일반영화"
"92","그녀에게","이상철","애즈필름,프로덕션 에스에프에스",,"영화로운 형제","20240911","개봉영화","장편","한국","148","1,720,000","200","880,000","80","드라마","12세이상관람가","독립/예술영화"
"93","나의 히어로 아카데미아 더 무비: 유어 넥스트","오카무라 텐사이",,"대원미디어(주)","씨제이 씨지브이(CJ CGV)(주)","20241120","개봉영화","장편","일본","177","2,668,000","191","2,668,000","191","애니메이션","12세이상관람가","일반영화"
"94","루프","구상범","한국영상대학교,(주)무림산업",,"(주)이놀미디어","20241204","개봉영화","장편","한국","16","1,830,000","183","10,000","1","드라마","청소년관람불가","독립/예술영화"
"95","쿵쿵따 탐험대","이광범","(주)니즈텔레콤",,"(주)니즈텔레콤","20240626","개봉영화","장편","한국","2","966,000","161","0","0","기타","전체관람가","일반영화"
"96","X를 담아, 당신에게","테아 샤록",,"주식회사 왓챠","주식회사 왓챠","20241211","개봉영화","장편","영국","27","1,541,000","161","1,357,000","137","코미디","15세이상관람가","독립/예술영화"
"97","모래바람","박재민","홍시네",,"(주)영화특별시에스엠씨","20241127","개봉영화","장편","한국","29","935,000","154","20,000","2","다큐멘터리","전체관람가","독립/예술영화"
"98","세입자","윤은경","올로미디어",,"㈜인디스토리","20241204","개봉영화","장편","한국","25","1,061,000","138","615,000","80","SF","15세이상관람가","독립/예술영화"
"99","오랜만이다","이은정","(주)필름모멘텀",,"주식회사 블루필름웍스","20241225","개봉영화","장편","한국","7","1,257,000","138","1,029,000","108","드라마","12세이상관람가","독립/예술영화"
"100","존 오브 인터레스트","조나단 글레이저",,"찬란","TCO(주)더콘텐츠온","20240605","개봉영화","장편","미국","392","1,161,000","138","680,000","86","드라마","12세이상관람가","독립/예술영화"
