날짜,식사,메뉴
20250901,중식,칼슘강화기장밥|쇠고기미역국|영양부추무침|버섯잡채|떡갈비|배추김치|9월생일케이크
20250902,중식,친환경현미밥|근대된장국|오이상추무침|제육볶음|만두탕수|총각김치|키위
20250903,중식,친환경흑미밥|육개장|시금치나물|미트볼데리야끼볶음|애호박볶음|가자미순살튀김|석박지|십원빵
20250904,중식,친환경보리밥|곰탕|온두부김치볶음|부추해물전|석박지|포도
20250905,중식,추가밥|토마토스파게티|양송이스프|치킨샐러드허니머스터드S|삼색피클|망고우유빙수
20250908,중식,친환경현미밥|햄찌개|브로콜리무침|치즈떡닭갈비|잔멸치볶음|석박지|초콜릿칩쿠키
20250909,중식,비건햄김치볶음밥|파송송달걀국|숙주나물무침|채어묵볶음|두부카츠돈가스소스|깍두기|과일생크림모찌
20250910,중식,친환경보리밥|우렁된장찌개|파채무침|삼겹살구이|배추김치|오이쌈장|꿀자몽블랙티
20250911,중식,"소고기우엉볶음밥|김치국|오징어초무침(무x,부찬)|미니돈가스파채|배식용김|깍두기|애플망고주스"
20250912,중식,추가밥|김치어묵우동(대)|메추리알카레조림|새우튀김|깍두기|토마토카프레제
20250915,중식,친환경칼슘기장밥|쇠고기무국|돈육고추장볶음|삼치구이|배추김치|우리밀약과|양배추쌈/저염쌈장
20250916,중식,주꾸미야채비빔밥|맑은콩나물국|야채달걀찜|고구마맛탕|배추김치|연근부각
20250917,중식,친환경흑미밥|순대국|매운어묵꼬치(소스)|부추무침|생선까스콘소스|석박지|청포도주스
20250918,중식,친환경잡곡밥|참치김치찌개|간장찜닭|도토리묵무침|소시지야채볶음|총각김치|아이스망고
20250919,중식,잡채밥|짬뽕국|실곤약야채무침(초)|흑임자탕수육소스|배추김치|조각파인애플
20250922,중식,참치마요구운주먹밥|볼어묵국|야채튀김|배추김치|과일맛음료|로제분모자떡볶이|양배추샐러드사우전D
20250923,중식,친환경현미밥|북어국|매콤콩나물무침|진미채고추장볶음|닭볶음탕|배추김치|포테이토치즈스틱
20250924,중식,단호박카레라이스|고명장국|두부쑥갓나물|매운닭장각구이|배추김치|요구르트
20250925,중식,장어덮밥|불마요들기름메밀국수|유부미소국|미역줄기볶음|석박지|조각파인애플
20251013,중식,칼슘강화기장밥|쇠고기미역국|돈육고추장불고기|야채달걀말이|총각김치|양배추쌈/저염쌈장|10월생일후식
20251014,중식,해물순두부찌개|곤드레나물밥양념장|볶음낙지소면|타코야끼|배추김치|포도
20251015,중식,친환경현미밥|얼큰북어국|간장찜닭|깻잎순나물|떡꼬치소스|배추김치|액상요구르트
20251016,중식,칼슘강화귀리밥|비빔국수|오징어무국|삼겹살구이|보쌈김치|오이쌈장|아이스망고
20251017,중식,추가밥|한우쌀국수|도토리묵무침|뱅글뱅글소세지|배추김치|아이스크림
20251020,중식,칼슘강화기장밥|조랭이떡국|무생채|사과|김치볶음|돈육불백|온두부
20251021,중식,친환경현미밥|닭다리닭곰탕|군만두양념장|진미채야채무침|애호박새우젓볶음|석박지|요구르트
20251022,중식,칼슘강화기장밥|얼큰콩나물국|수육|배추겉절이|무말랭이장아찌|오징어부추전
20251023,중식,칼슘강화기장밥|얼큰쇠고기무국|돈까스샐러드(허니소스)|볼어묵볶음|궁채나물들깨볶음|깍두기|조각파인애플
20251024,중식,추가밥|마라탕|청경채두반장소스|꼬들단무지무침|꿔바로우소스|배추김치|젤리
20251027,중식,친환경흑미밥|두부된장찌개|매콤콩나물무침|제육볶음|뿌리채소고구마맛탕|배추김치|귤
20251028,중식,김밥맛볶음밥|고명유부국|삼치무조림|깻잎지|오꼬노미야끼|배추김치|스위티자몽주스
20251029,중식,"친환경잡곡밥|참치김치찌개|오리훈제머스터드|브로컬리,오징어숙회초장|총각김치|더티초코크로와상"
20251030,중식,카레라이스|파송송달걀국|타워함박스테이크|배추김치|시리얼/흰우유|블루베리샐러드(요거D)
20251031,중식,칼슘강화기장밥|건새우아욱국|브로콜리무침|파채소불고기|버섯잡채|배추김치|찹쌀호떡아이스크림
20251103,중식,친환경칼슘기장밥|잔치국수|시금치나물|돈육불백|오징어김치전|배추김치|과일생크림찹쌀떡
20251104,중식,나물비빔밥고추장|미소국|불닭팽이버섯|사과|새우가스타르s|배추김치
20251105,중식,순살양념치밥|고명유부국|브로콜리무침|오꼬노미야끼|배추김치|방울토마토
20251106,중식,친환경잡곡밥|얼큰콩나물국|감자참치조림|간장찜닭|오이새콤무침|배추김치|블루레몬에이드
20251107,중식,친환경현미밥|얼갈이된장국|달걀장조림|깻잎지|제육볶음|배추김치|단팥찐빵
20251110,중식,스팸마요덮밥|가쓰오브시국|진미채야채무침|떡볶이|깍두기|골드키위
20251111,중식,추가밥|누룽지닭죽|도토리묵무침|김치메밀전병|오이지무침|동치미|행운초콜릿
20251114,중식,추가밥|토마토스파게티|소시지토스트|김치볶음|삼색피클|시리얼/흰우유
20251117,중식,칼슘강화기장밥|쇠고기미역국|무생채|치즈떡닭갈비|두부구이양념장|배추김치|귤
20251118,중식,친환경보리밥|참치김치찌개|건새우마늘쫑볶음|야채달걀말이|삼치양념구이|총각김치|초코우유
20251119,중식,친환경흑미밥|순대국|부추무침|고기지짐|석박지|조각배|수제양파고추장아찌
20251120,중식,친환경현미밥|메밀막국수|두부된장찌개|수육|배추겉절이|밀감푸딩|쌈장
20251121,중식,카레라이스|파송송달걀국|매운어묵볶음|닭날개오븐구이|배추김치|치즈양상추샐러드(발사믹D)
20251124,중식,칼슘강화기장밥|쇠고기무국|달걀찜|숙주나물무침|볶음낙지소면|배추김치|미니핫도그케찹
20251125,중식,친환경강황밥|김치어묵국|청경채겉절이|돈육고추장불고기|떡꼬치소스|총각김치|딸기크림빵
20251126,중식,추가밥|크루통스프|망고야채샐러드|실곤약야채무침(초)|등심돈가스브라운|깍두기|핫자몽
20251127,중식,친환경현미밥|순두부찌개|근대된장무침(자율)|오삼불고기|해물완자전|깍두기|츄러스
20251128,중식,자장밥|짬뽕국|발효왕만두|반달단무지|마파두부|배추김치|조각파인애플
20251201,중식,칼슘강화기장밥|쇠고기미역국|돼지갈비찜|매콤콩나물무침|야채달걀말이|배추김치|축하설기
20251202,중식,우렁강된장비빔밥|다시마감자국|무생채|사과|잔멸치볶음|비건김치만두|배추김치
20251203,중식,칼슘강화기장밥|몽글달걀탕|연두부양념장|애호박볶음|치즈불닭|배추김치|붕어빵
20251204,중식,친환경현미밥|햄찌개|미트볼데리야끼볶음|가자미순살튀김|깍두기|브로콜리초장|초코우유
20251205,중식,카레라이스|고명유부국|마늘쫑무침|탄두리치킨|배추김치|방울토마토|인도난
20251208,중식,돈육감자탕|삼치무조림|곤드레나물밥양념장|단호박묵무침|배식용김|석박지|귤
20251209,중식,친환경잡곡밥|차돌박이된장찌개|숙주나물무침|치즈떡닭갈비|어묵바머스터드|배추김치|포도주스
20251217,중식,칼슘강화귀리밥|소고기버섯매운탕|브로콜리무침|닭볶음탕|고구마맛탕|배추김치|아이스홍시
20251218,중식,칼슘강화기장밥|얼큰동태탕|도토리묵무침|돈육불백|타코야끼|배추김치|초코과자|상추쌈장
20251219,중식,자장밥|오이탕탕이|파송송달걀국|미나리초무침|꿔바로우소스|배추김치|조각파인애플
20251222,중식,칼슘강화기장밥|얼갈이된장국|제육볶음|진미채고추장볶음|달래양념장|배추김치|키위
20251223,중식,친환경현미밥|순두부짬뽕국|도토리묵무침|매운어묵볶음|치즈가재구이|배추김치|크림치즈베이글
20251224,중식,김가루밥|크림스프|진미채야채무침|고구마치즈돈까스소스|스마일감자튀김|배추김치|성탄케이크
20251226,중식,친환경잡곡밥|참치김치찌개|달걀찜|더블치즈스테이크소스|깍두기|애플망고주스|양상추샐러드(발사믹D)
20251229,중식,칼슘강화밥|닭곰탕|물만두양념장|시금치나물|낙지야채볶음|배추김치|레드향
20251230,중식,김치볶음밥|마라샹궈|고명유부국|짜사이무침|치킨텐더머스터드|깍두기|딸기
20260202,중식,칼슘강화기장밥|케이크|쇠고기미역국|불닭팽이버섯|돼지갈비찜|해물완자전(계란)|배추김치
20260203,중식,칼슘강화기장밥|볼어묵국|무말랭이무침(자율)|치즈핫도그케찹|닭고기구이|배추김치|포도주스|깻잎쌈무
20260204,중식,스팸마요덮밥|고명유부국|돈육곤약장조림|봄동겉절이|회오리감자|배추김치
20260205,중식,추가밥|미니온메밀|떡볶이|목살스테이크|배추김치|딸기|양배추샐러드사우전D
20260304,중식,친환경칼슘기장밥|돈육감자탕|매콤콩나물무침|레몬크림깐쇼새우|석박지|두바이쫀득쿠키
20260305,중식,친환경현미밥|북어국|연근조림|매운닭볶음(정육)|풋마늘오징어무침|뱅글뱅글소세지|배추김치
20260306,중식,달걀볶음밥|마라탕|양파무침|꿔바로우소스|배추김치|조각파인애플
20260309,중식,칼슘강화기장밥|쇠고기미역국|매운갈비찜|시금치나물|야채달걀말이|배추김치|3월생일케이크
20260310,중식,나물비빔밥고추장|꼬치어묵국|브로콜리무침|타코야끼|배추김치|딸기
20260311,중식,친환경현미밥|단호박스프|쫄면야채무침|고구마치즈돈까스소스|깍두기|사과맛요구르트|양배추샐러드사우전D
20260312,중식,친환경보리밥|얼큰콩나물국|두부조림|무생채|돈육불백|배추김치|오렌지
20260313,중식,"친환경흑미밥|닭다리삼계탕|청포묵김가루무침|김치메밀전병|석박지|오이,당근,고추쌈장|소금우유아이스크림"
20260316,중식,친환경칼슘기장밥|얼큰동태탕|간장찜닭|오이생채|꽈배기|베이컨감자채전|배추김치
20260317,중식,친환경잡곡밥|참치김치찌개|너비아니조림|맛살달걀볶음|배식용김|총각김치|요거톡
20260318,중식,친환경흑미밥|쇠고기무국|물만두양념장|숙주나물무침|사과|주꾸미돈육볶|배추김치
20260319,중식,친환경강황밥|순두부찌개|유채나물무침|돈육간장불고기|소시지케찹볶음|배추김치|조각배
20260320,중식,후리가케밥(소)|미소국|떡볶이|깍두기|복숭아아이스티|치킨스낵랩
20260323,중식,친환경칼슘기장밥|햄찌개|도토리묵무침|닭카레볶음|궁채나물들깨볶음|깍두기|붕어빵
20260324,중식,비건햄김치볶음밥|고명장국|진미채고추장볶음|가자미순살튀김|총각김치|바나나
20260325,중식,친환경현미밥|달래된장국|달걀장조림|제육볶음|배추김치|양배추쌈/저염쌈장|초코우유
20260326,중식,친환경차수수밥|순대국|골뱅이야채무침|반달스테이크소스|석박지|오렌지
20260327,중식,추가밥|스파게티|코울슬로|조각피자|코코넛음료|오이피클
20260330,석식,참치야채비빔밥|팽이장국|매콤달걀조림|너비아니소스|배추김치|청사과아이스티
20260330,중식,추가밥|김치어묵우동(대)|청경채나물|새우까스칠리S|배추김치|오렌지주스
20260331,석식,백미밥|차돌박이된장찌개|미니소떡소떡|닭고기구이|배추김치|딸기|쌈야채(상추깻잎)쌈장
20260331,중식,친환경흑미밥|오징어무국|돌나물초회|치즈불닭|고구마맛탕|배추김치|방울토마토
20260401,석식,"추가밥|잔치국수|오징어초무침(무x,부찬)|고기지짐|배추김치|사과주스"
20260401,중식,친환경현미밥|닭개장|시금치나물|동그랑땡|코다리강정|배추김치|마카롱
20260402,석식,백미밥|얼갈이된장국|돈육김치볶음|분홍소시지전|조미김|깍두기|호상요구르트(딸기맛)
20260402,중식,친환경칼슘기장밥|돈육고추장찌개|쥐치포조림|간장찜닭|오징어김치전|깍두기|크림치즈베이글
20260403,중식,소고기우엉볶음밥|얼큰콩나물국|바베큐폭립|배식용김|깍두기|아이스망고|양배추샐러드사우전D
20260406,석식,백미밥|순두부찌개|달걀찜|진미채고추장볶음|유린가자미|배추김치|에너지바
20260406,중식,칼슘강화기장밥|쇠고기미역국|숙주나물무침|새송이버섯전|콩나물불고기|배추김치|골드키위케이크
20260407,석식,잡채밥|짬뽕국|꼬들단무지무침|깐쇼새우오징어볼강정|배추김치|후레쉬업(레몬라임)
20260407,중식,곤드레나물밥양념장|조랭이떡국|볼어묵조림|삼치감자조림|배추김치|야채모양찐빵
20260408,석식,백미밥|두부된장국|콩나물파채무침|돈육간장불고기|배추김치|상추쌈장S|복숭아아이스티
20260408,중식,친환경현미밥|팽이버섯된장국|진미채야채무침|닭볶음탕|오꼬노미야끼|배추김치|오렌지
20260409,석식,밥버거|고명장국|사과|닭꼬치양념치킨소스|깍두기|양배추샐러드(키위D)
20260409,중식,친환경보리밥|닭곰탕|제육볶음|해물경단|석박지|양배추쌈/저염쌈장|자두맛음료
20260410,중식,카레라이스|미소국|실곤약야채무침(초)|치즈새우칩|배추김치|조각파인애플
20260413,석식,백미밥|참치미역국|도토리묵무침|닭갈비|소시지야채볶음|깍두기|츄러스
20260413,중식,칼슘강화기장밥|고기만두국|올방개묵김치무침|오징어야채볶음(링)|미트볼데리야끼볶음|총각김치|청포도
20260414,석식,백미밥|감자찌개|시금치나물|매운어묵볶음|미니돈가스파채|배추김치|딸기
20260414,중식,자장밥|파송송달걀국|오이생채|반달단무지|꿔바로우소스|배추김치|벚꽃핀오레오
20260415,석식,비빔국수|미소국|군만두양념장|깍두기|흑당버블라떼|연근양상추샐러드(흑임자D)
20260415,중식,친환경현미밥|참치김치찌개|돈사태떡찜|야채달걀말이|깍두기|초코도너츠|브로콜리쌈다시마초장
20260416,석식,베이컨김치볶음밥|팽이장국|돈육메추리알조림|콩나물무침|깍두기|아이스크림(모나카)
20260416,중식,친환경차수수밥|돈육감자탕|두부쑥갓나물|햄감자볶음|생선까스콘소스|석박지|딸기우유
20260417,중식,순살양념치밥|고명장국|부추무침|떡갈비소스|깍두기|달콤한토마토
20260420,석식,백미밥|순대국|부추무침|고등어양념구이|석박지|딸기맛도너츠
20260420,중식,칼슘강화기장밥|근대된장국|매운갈비찜|청경채나물|떡꼬치소스|배추김치|과채주스
20260421,석식,백미밥|불마요들기름메밀국수|도토리묵사발|수육|무말랭이무침|보쌈김치
20260421,중식,콩나물밥/양념장|순두부짬뽕국|연근조림|고추장멸치볶음|배추김치|고구마치즈또띠아|키위
20260422,석식,소시지달걀볶음밥|고명유부국|실곤약야채무침|배추김치|또띠아피자|골드키위
20260422,중식,친환경잡곡밥|소고기무국|연두부양념장|닭김치찜|명엽채볶음|총각김치|미니핫도그케찹
20260430,석식,백미밥|사골국|낙지야채볶음|떡꼬치소스|배추김치|방울토마토
20260430,중식,스팸마요덮밥|고명장국|매콤콩나물무침|떡볶이|명엽채볶음|깍두기|요구르트
20260504,석식,햄김치볶음밥|팽이장국|참나물사과무침|생선까스콘소스|배식용김|깍두기|딸기우유
20260504,중식,칼슘강화기장밥|초코케이크|참치미역국|돈사태떡찜|오징어숙회초장|애호박볶음|배추김치
20260506,석식,파송송달걀국|양파무침|돈육마파두부덮밥|왕새우또띠아|깍두기|귤주스
20260506,중식,친환경현미밥|육개장|달걀장조림|올방개묵김치무침|가자미순살튀김|소떡소떡|석박지
20260507,석식,백미밥|돈육고추장찌개|진미채야채무침|돈육간장불고기|야채달걀말이|배추김치|청포도
20260507,중식,친환경잡곡밥|맑은순두부국|숙주나물무침|치즈불닭|회오리감자|배추김치|요구르트
20260508,중식,친환경보리밥|얼갈이된장국|파채무침|삼겹살야채구이|배추김치|초코맛아이스크림|상추쌈장
20260511,석식,백미밥|근대된장국|매운돈육떡찜|오이생채|두부구이양념장|배추김치|스위티자몽주스
20260511,중식,칼슘강화기장밥|오징어무국|찜닭(당면)|미역줄기볶음|어묵바케찹|배추김치|슈크림츄스틱
20260512,석식,백미밥|사골국|골뱅이야채무침|고기지짐|석박지|과일맛아이스크림|양념장
20260512,중식,콩나물밥/양념장|두부된장국|삼치감자조림|비건김치만두|배추김치|초코우유
20260513,석식,김치덮밥|소시지토스트|들깨무채국|스크램블드에그|깍두기|초코과자|양배추샐러드사우전D
20260513,중식,달걀볶음밥|김치국|두부조림|코울슬로|탕수육후르츠소스|깍두기|조각파인애플
20260514,석식,백미밥|햄찌개|삼치감자조림|마늘쫑무침|볼어묵볶음|깍두기|딸기쨈파이
20260514,중식,친환경현미밥|시금치된장국|깻잎지|돈육김치볶음|오꼬노미야끼|깍두기|유자에이드
20260515,중식,추가밥|미니한우쌀국수|베리케이크|청경채두반장소스|짜조칠리파디소스|배추김치|토마토카프레제
20260518,석식,추가밥|미트볼스파게티|크림스프|마늘빵|요구르트|양배추샐러드(키위D)|오이피클
20260518,중식,친환경칼슘기장밥|얼큰콩나물국|부추무침|훈제오리야채머스터드|배추김치|슈크림만쥬|무쌈
20260519,석식,치킨마요덮밥|고명장국|매운어묵꼬치(소스)|배추김치|달콤한토마토
20260519,중식,친환경흑미밥|참치김치찌개|브로콜리무침|스크램블드에그|치즈핫도그케찹|훈제연어양파소스|총각김치
20260520,석식,추가밥|비빔국수|꽈리고추메추리알조림|오징어부추전|깍두기|자두맛음료
20260520,중식,친환경잡곡밥|다시마감자국|얼갈이된장무침|치즈떡닭갈비|메추리알카레조림|배추김치|삼색과일망고드레싱
20260521,석식,백미밥|돈육감자탕|콩나물무침|소시지케찹볶음|삼치카레구이|석박지|황치즈파이
20260521,중식,친환경현미밥|우렁된장찌개|수육|무말랭이장아찌|오징어김치전|보쌈김치|오렌지
20260522,중식,참치마요구운주먹밥|고명유부국|국수떡볶이|야채햄튀김|깍두기|청사과청귤에이드|양배추샐러드사우전D
20260526,석식,백미밥|북어국|두부쑥갓나물|닭볶음탕|김말이강정|배추김치|조각파인애플
20260526,중식,칼슘강화기장밥|김치어묵국|망고야채샐러드|진미채고추장볶음|등심돈가스소스|깍두기|과일생크림찹쌀떡
20260527,석식,백미밥|우거지해장국|연근조림|온두부김치볶음|꽈배기|타코야끼|깍두기
20260527,중식,친환경차수수밥|소고기무국|매콤콩나물무침|주꾸미볶음|배추김치|딸기맛요구르트|콘치즈버터구이
20260528,석식,나물비빔밥고추장|미소국|무생채|계란후라이|반달스테이크소스|깍두기|푸딩
20260528,중식,친환경강황밥|소보로토스트|꽃만두국|시금치나물|제육볶음|명엽채볶음|총각김치
20260529,중식,순살양념치밥|고명장국|사과치커리생채|배식용김|고구마함박소스|배추김치|후레쉬업(레몬라임)
20260601,석식,백미밥|참치김치찌개|돈육장조림|매운어묵꼬치(소스)|숙주나물무침|깍두기|후레쉬업(레몬라임)
20260601,중식,친환경칼슘기장밥|초코케이크|소고기미역국|돈사태김치찜|올방개묵김가루무침|고구마야채튀김|총각김치
20260602,석식,자장밥|팽이장국|고추잡채/꽃빵|꼬들단무지무침|계란후라이|배추김치|조각파인애플
20260602,중식,친환경현미밥|오징어무국|두부조림|찜닭(당면)|얼갈이무침|배추김치|초코맛아이스크림
20260604,석식,백미밥|닭곰탕|새송이조림|불닭타코야끼|배식용김|배추김치|포도주스
20260604,중식,칼슘강화귀리밥|돈육감자탕|소시지야채볶음|삼치카레구이|석박지|에그타르트|양상추샐러드(발사믹D)
20260605,중식,추가밥|초코파이|물비빔쫄면|연근조림|쌈무생채|돈육불백|배추김치
20260608,석식,백미밥|우거지해장국|연두부양념장|오이생채|가자미순살튀김|석박지|메이플피칸파이
20260608,중식,친환경칼슘기장밥|북어국|야채달걀찜|제육볶음|배추김치|브로콜리초장|초코우유
20260609,석식,백미밥|설렁탕소면|오징어초무침g|부추야채전|배추김치|귤맛아이스크림|포도맛아이스크림
20260609,중식,친환경잡곡밥|순두부짬뽕국|채식물만두양념장|순살해물아귀찜|시금치나물|배추김치|달콤한토마토
20260610,석식,열무비빔밥|두부된장국|애호박볶음|피자핫도그|배추김치|아이스망고
20260610,중식,소고기우엉볶음밥|김치국|진미채고추장볶음|닭꼬치양념치킨소스|깍두기|감말랭이야채샐러드
20260611,석식,백미밥|얼큰어묵국|파채무침|돈육간장불고기|김말이강정|배추김치|호상요구르트(딸기맛)
20260611,중식,친환경현미밥|소고기무국|카레감자채볶음|닭볶음탕|배추김치|푸딩|수제양파고추장아찌
20260612,중식,후리가케김가루밥|미소국|골뱅이야채무침|등심돈가스소스|배추김치|오렌지|모닝마늘빵
20260615,석식,김가루밥|미니우동|떡볶이|고구마튀김|배추김치|청사과아이스티
20260615,중식,칼슘강화기장밥|육개장|도토리묵양념장|코다리조림|치킨샐러드허니머스터드S|깍두기|액상요구르트
20260616,석식,백미밥|아욱된장국|양배추쌈/쌈장|돈육고추장볶음|들기름감자채볶음|회오리핫도그|배추김치|초콜릿칩쿠키
20260616,중식,나물비빔밥고추장|청국장찌개|떡꼬치소스|간고등어구이|배추김치|체리
20260617,석식,백미밥|다시마감자국|참나물무침|야채달걀말이|떡갈비소스|배추김치|코코넛음료
20260617,중식,친환경잡곡밥|팽이장국|매콤콩나물무침|치즈불닭|볼어묵볶음|배추김치|사과앵두스무디
20260618,석식,추가밥|스파게티|감자튀김케찹|배추김치|방울토마토|치즈피자|오이피클
20260618,중식,친환경흑미밥|불마요들기름메밀국수|얼큰동태탕|수육|깻잎지|배추김치|조각파인애플
20260619,중식,카레라이스|파송송달걀국|목살스테이크|배추김치|토마토오이샐러드|초코수리취떡
20260622,석식,치킨마요덮밥|가쓰오브시국|수제퀘사디아|깍두기|키위|양배추샐러드사우전D
20260622,중식,칼슘강화기장밥|얼큰콩나물국|바베큐폭찹|찐두부|건새우마늘쫑볶음|김치볶음|망고우유빙수
20260623,석식,백미밥|감자찌개|찜닭(-감자)|부추무침|새우튀김|배추김치|군밤
20260623,중식,깍두기볶음밥|고명장국|미나리초무침|미트볼데리야끼볶음|스크램블드에그|배추김치|수박
20260624,석식,백미밥|소고기버섯매운탕|돈사태떡찜|고추장멸치볶음|배추김치|십원빵
20260624,중식,친환경현미밥|돈육고추장찌개|단호박오리훈제|두부튀김칠리S|배추김치|귤주스|무쌈
20260625,석식,추가밥|나가사끼짬뽕|짜조칠리파디소스|배추김치|요구르트|아이스망고요거트D
20260625,중식,친환경보리밥|순대국|오이고추된장무침|한입돈가스파채|배식용김|석박지|초당옥수수
20260703,중식,치킨마요덮밥|고명장국|매콤콩나물무침|떡볶이|깍두기|에그타르트
20260706,중식,칼슘강화기장밥|소고기미역국|매운갈비찜|참나물사과무침|햄전|배추김치|케이크
20260707,중식,열무비빔밥|팽이장국|연두부양념장|뿌리채소고구마맛탕|비건김치만두|동치미|청포도
20260708,중식,친환경현미밥|햄찌개|돈육메추리알조림|브로콜리무침|회오리감자|삼치양념구이|깍두기
20260709,중식,친환경잡곡밥|소고기무국|마늘쫑무침|치즈떡닭갈비|어묵볶음|배추김치|시리얼/흰우유
20260710,중식,친환경현미밥|짬뽕국|고추잡채/꽃빵|가지나물|마파두부|배추김치|아이스망고
20260713,중식,친환경칼슘기장밥|맑은콩나물국|버섯잡채|제육볶음|총각김치|사과생크림와플|참치쌈장양배추쌈
20260714,중식,친환경흑미밥|순대국|부추무침|도토리묵무침|지파이|석박지|아이스크림(컵)
20260715,중식,카레라이스|두부된장국|반마리치킨|오이지무침|배추김치|자두슬러시|양배추샐러드사우전D
20260818,중식,친환경칼슘기장밥|해쉬브라운피자|오징어무국|명엽채볶음|콩나물불고기|배추김치|청사과청귤에이드
20260819,중식,친환경잡곡밥|참치김치찌개|간장찜닭|매콤콩나물무침|미니돈가스&파채|깍두기|방울토마토
20260820,중식,친환경흑미밥|돈육감자탕|오이부추무침|떡강정|닭꼬치&매콤소스|석박지|청포도
20260821,중식,김밥맛볶음밥|고명장국|시금치나물|떡볶이|어묵튀김|깍두기|조각파인애플
20260824,중식,친환경칼슘기장밥|전복들깨미역국|숙주나물무침|돈육고추장불고기|동그랑땡&케찹|총각김치|자두맛음료|꿀떡
20260825,중식,깍두기볶음밥|두부된장국|양상추샐러드(오리엔탈D)|스크램블드에그|가자미순살튀김|배추김치|더티초코크로와상
20260826,중식,친환경현미밥|얼갈이된장국|고춧잎나물(초)|치즈불닭|현미육원전|배추김치|고구마도넛
20260827,중식,친환경현미밥|얼큰소고기무국|온두부&김치볶음|들기름감자채볶음|피자핫도그|갈아만든키위주스
20260828,중식,추가밥|스파게티|목살스테이크|소시지+구운야채|깍두기|오이피클|토마토카프레제
20260831,중식,친환경칼슘기장밥|북어국|얼갈이된장무침|미트볼데리야끼볶음|닭볶음탕|배추김치|한라봉주스
