선수명,팀,포지션,생년월일,키cm,몸무게kg,경기,타석,타수,득점,안타,2루타,3루타,홈런,타점,볼넷,사구,삼진,병살,도루,도루실패,타율,출루율,장타율,OPS
송성문,키움,,,,,144,646,574,103,181,37,4,26,90,68,1,96,6,25,2,0.315,0.387,0.530,0.917
레이예스,롯데,외야수,1994-10-05,196,87,144,643,573,75,187,44,1,13,107,58,3,66,25,7,1,0.326,0.386,0.475,0.861
디아즈,삼성,내야수,1996-11-19,188,105,144,628,551,93,173,32,0,50,158,60,6,100,15,1,0,0.314,0.381,0.644,1.025
노시환,한화,내야수,2000-12-03,185,105,144,624,539,97,140,28,2,32,101,70,11,125,22,14,5,0.260,0.354,0.497,0.851
김주원,NC,내야수,2002-07-30,185,83,144,624,539,98,156,26,8,15,65,63,16,111,8,44,11,0.289,0.379,0.451,0.830
구자욱,삼성,외야수,1993-02-12,189,75,142,616,529,106,169,43,2,19,96,73,5,91,9,4,1,0.319,0.402,0.516,0.918
문보경,LG,내야수,2000-07-19,182,88,141,607,515,91,142,21,1,24,108,79,4,108,15,3,1,0.276,0.371,0.460,0.831
박찬호,KIA,,,,,134,595,516,75,148,18,2,5,42,62,3,69,7,27,6,0.287,0.363,0.359,0.722
케이브,두산,,,,,136,593,538,72,161,28,6,16,87,43,4,116,7,17,1,0.299,0.351,0.463,0.814
문현빈,한화,외야수,2004-04-20,174,82,141,592,528,71,169,30,2,12,80,38,10,82,11,17,6,0.320,0.370,0.453,0.823
최지훈,SSG,외야수,1997-07-23,178,82,140,574,517,66,147,16,4,7,45,43,5,87,2,28,7,0.284,0.342,0.371,0.713
이재현,삼성,내야수,2003-02-04,180,82,139,555,457,82,116,29,1,16,67,69,11,119,8,6,1,0.254,0.360,0.427,0.787
김현수,LG,,,,,140,552,483,66,144,24,0,12,90,64,4,73,10,4,0,0.298,0.384,0.422,0.806
최형우,KIA,,,,,133,549,469,74,144,30,1,24,86,67,8,98,9,1,0,0.307,0.399,0.529,0.928
정수빈,두산,외야수,1990-10-07,175,70,132,546,462,89,119,16,4,6,38,61,11,57,7,26,13,0.258,0.355,0.348,0.703
박해민,LG,외야수,1990-02-24,180,75,144,544,442,80,122,18,2,3,43,68,8,94,7,49,14,0.276,0.379,0.346,0.725
문성주,LG,외야수,1997-02-20,175,78,135,542,475,57,145,20,2,3,70,54,4,59,10,4,3,0.305,0.375,0.375,0.750
김성윤,삼성,외야수,1999-02-02,163,62,127,538,456,92,151,29,9,6,61,65,5,54,11,26,7,0.331,0.419,0.474,0.893
신민재,LG,내야수,1996-01-21,171,67,135,538,463,87,145,15,7,1,61,62,3,57,7,15,9,0.313,0.395,0.382,0.777
박성한,SSG,내야수,1998-03-30,180,77,127,538,452,73,124,23,2,7,48,79,3,93,6,5,6,0.274,0.384,0.381,0.765
고승민,롯데,내야수,2000-08-11,189,92,121,538,469,71,127,21,2,4,45,56,3,83,8,5,1,0.271,0.350,0.350,0.700
채은성,한화,내야수,1990-02-06,186,92,132,527,480,54,138,27,1,19,88,31,13,96,4,1,2,0.288,0.347,0.467,0.814
박동원,LG,포수,1990-04-07,178,92,139,523,451,57,114,25,0,22,76,62,2,124,10,4,0,0.253,0.342,0.455,0.797
양의지,두산,포수,1987-06-05,180,95,130,517,454,56,153,27,1,20,89,50,7,63,10,4,2,0.337,0.406,0.533,0.939
이주형,키움,내야수,2002-07-05,183,105,11,17,16,2,5,0,0,0,2,1,0,7,0,0,0,0.313,0.353,0.313,0.666
한유섬,SSG,외야수,1989-08-09,190,105,128,511,455,50,124,24,0,15,71,46,7,120,6,1,0,0.273,0.347,0.424,0.771
최주환,키움,내야수,1988-02-28,177,73,120,506,459,45,126,31,1,12,74,36,5,66,8,0,0,0.275,0.330,0.425,0.755
고명준,SSG,내야수,2002-07-08,185,94,130,500,471,46,131,20,1,17,64,20,2,99,12,2,0,0.278,0.306,0.433,0.739
김휘집,NC,내야수,2002-01-01,180,92,142,500,429,64,107,18,2,17,56,40,27,89,9,10,2,0.249,0.349,0.420,0.769
김영웅,삼성,내야수,2003-08-24,183,81,125,499,446,66,111,22,2,22,72,48,2,143,6,6,2,0.249,0.323,0.455,0.778
오스틴,LG,내야수,1993-10-14,183,97,116,499,425,82,133,25,1,31,95,61,2,62,11,3,0,0.313,0.393,0.595,0.988
위즈덤,KIA,,,,,119,486,424,73,100,20,1,35,85,52,4,142,9,3,0,0.236,0.321,0.535,0.856
안현민,KT,외야수,2003-08-22,183,90,112,482,395,72,132,19,4,22,80,75,9,72,4,7,1,0.334,0.448,0.570,1.018
허경민,KT,내야수,1990-08-26,176,69,114,481,420,47,119,18,0,4,44,39,15,35,14,4,1,0.283,0.362,0.355,0.717
장성우,KT,포수,1990-01-17,187,100,129,480,413,44,102,13,0,14,58,55,2,96,13,0,1,0.247,0.333,0.380,0.713
오선우,KIA,내야수,1996-12-13,186,95,124,474,437,58,116,17,1,18,56,34,3,158,11,0,2,0.265,0.323,0.432,0.755
오지환,LG,내야수,1990-03-12,185,80,127,472,419,57,106,24,1,16,62,37,3,115,4,9,7,0.253,0.314,0.430,0.744
전준우,롯데,외야수,1986-02-25,184,98,114,472,410,50,120,26,1,8,70,44,9,71,9,2,1,0.293,0.369,0.420,0.789
박민우,NC,내야수,1993-02-06,185,80,117,468,404,64,122,25,8,3,67,44,12,64,5,28,8,0.302,0.384,0.426,0.810
강민호,삼성,포수,1985-08-18,185,100,127,465,412,37,111,23,1,12,71,38,7,69,16,2,2,0.269,0.336,0.417,0.753
류지혁,삼성,내야수,1994-01-13,181,75,129,464,400,54,112,14,0,1,37,33,13,73,11,11,6,0.280,0.351,0.323,0.674
권희동,NC,외야수,1990-12-30,177,85,136,456,358,56,88,24,0,6,39,77,11,80,10,5,5,0.246,0.393,0.363,0.756
최원준,NC,,,,,126,449,413,62,100,13,3,6,44,23,6,71,5,26,8,0.242,0.289,0.332,0.621
정준재,SSG,내야수,2003-01-03,165,68,132,442,371,58,91,10,3,0,25,51,3,93,4,37,8,0.245,0.340,0.288,0.628
박건우,NC,외야수,1990-09-08,184,80,124,442,384,43,111,24,1,9,67,47,5,63,6,6,4,0.289,0.370,0.427,0.797
데이비슨,NC,,,,,112,439,386,63,113,18,0,36,97,31,8,118,10,1,0,0.293,0.346,0.619,0.965
황재균,KT,,,,,112,424,385,50,106,19,0,7,48,34,2,84,2,3,1,0.275,0.336,0.379,0.715
김상수,KT,내야수,1990-03-23,175,68,113,423,355,42,90,14,0,5,47,52,4,57,8,3,1,0.254,0.349,0.335,0.684
김민혁,KT,외야수,1995-11-21,181,71,106,417,380,52,109,12,2,0,35,25,7,41,12,11,3,0.287,0.341,0.329,0.670
임지열,키움,외야수,1995-08-22,180,94,102,417,369,51,90,14,2,11,50,42,2,111,11,13,6,0.244,0.322,0.382,0.704
손아섭,한화,,,,,111,416,372,39,107,22,3,1,50,37,1,59,3,0,4,0.288,0.352,0.371,0.723
에레디아,SSG,외야수,1991-01-31,178,88,96,415,375,46,127,18,0,13,54,31,7,62,9,1,2,0.339,0.398,0.491,0.889
김형준,NC,포수,1999-11-02,187,98,127,415,362,51,84,10,1,18,55,45,3,126,7,3,0,0.232,0.320,0.414,0.734
김재환,두산,,,,,103,407,344,42,83,13,2,13,50,57,4,96,4,7,2,0.241,0.354,0.404,0.758
최정,SSG,내야수,1987-02-28,180,90,95,406,340,54,83,12,0,23,63,51,12,94,10,1,0,0.244,0.360,0.482,0.842
강승호,두산,내야수,1994-02-09,178,88,115,400,360,51,85,19,3,8,37,24,11,113,7,14,3,0.236,0.302,0.372,0.674
윤동희,롯데,외야수,2003-09-18,187,85,97,399,330,54,93,21,1,9,53,49,11,65,12,4,2,0.282,0.386,0.433,0.819
구본혁,LG,내야수,1997-01-11,177,75,131,397,343,41,98,16,2,1,38,36,6,44,4,10,5,0.286,0.364,0.353,0.717
나승엽,롯데,내야수,2002-02-15,190,82,105,392,328,40,75,12,2,9,44,55,5,65,10,0,0,0.229,0.347,0.360,0.707
로하스,KT,,,,,95,384,331,48,79,20,0,14,43,48,1,71,9,1,1,0.239,0.333,0.426,0.759
김호령,KIA,외야수,1992-04-30,178,85,105,381,332,46,94,26,3,6,39,34,6,94,4,12,1,0.283,0.359,0.434,0.793
손호영,롯데,외야수,1994-08-23,182,88,97,375,328,39,82,12,0,4,41,22,10,66,9,7,0,0.250,0.313,0.323,0.636
김지찬,삼성,외야수,2001-03-08,163,64,90,373,317,59,89,9,2,0,23,38,5,44,7,22,3,0.281,0.364,0.322,0.686
오명진,두산,내야수,2001-09-04,179,79,107,371,331,38,87,14,4,4,41,27,3,94,3,5,3,0.263,0.321,0.366,0.687
강백호,KT,,,,,95,369,321,41,85,18,1,15,61,44,3,64,9,2,4,0.265,0.358,0.467,0.825
전민재,롯데,내야수,1999-06-30,181,73,101,369,331,39,95,15,0,5,34,22,4,63,7,3,3,0.287,0.337,0.378,0.715
이진영,한화,외야수,1997-07-21,183,89,115,366,321,49,88,13,0,11,43,38,2,93,8,1,4,0.274,0.350,0.417,0.767
카디네스,키움,,,,,86,361,320,33,81,15,1,7,42,32,6,67,7,1,2,0.253,0.330,0.372,0.702
어준서,키움,내야수,2006-11-27,183,87,116,360,324,48,77,9,1,6,27,30,2,75,10,1,0,0.238,0.305,0.327,0.632
유강남,롯데,포수,1992-07-15,182,88,110,350,303,35,83,18,0,5,38,26,13,66,11,0,0,0.274,0.352,0.383,0.735
최재훈,한화,포수,1989-08-27,178,94,121,348,269,28,77,15,0,1,35,46,17,48,4,1,1,0.286,0.414,0.353,0.767
김건희,키움,포수,2004-11-07,186,96,105,344,322,24,78,20,2,3,25,13,0,102,10,2,1,0.242,0.270,0.345,0.615
김태연,한화,외야수,1997-06-10,178,96,120,340,303,40,79,15,0,3,20,23,8,62,10,5,3,0.261,0.329,0.340,0.669
이우성,NC,외야수,1994-07-17,182,95,105,337,300,28,75,22,1,3,33,31,2,66,8,2,1,0.250,0.321,0.360,0.681
이유찬,두산,내야수,1998-08-05,175,68,89,311,269,36,65,8,1,1,16,33,2,66,4,12,2,0.242,0.328,0.290,0.618
나성범,KIA,외야수,1989-10-03,183,100,82,310,261,30,70,16,0,10,36,42,6,79,6,0,0,0.268,0.381,0.444,0.825
권동진,KT,내야수,1998-09-12,178,83,123,309,271,34,61,12,3,1,25,30,1,91,8,3,1,0.225,0.304,0.303,0.607
김선빈,KIA,내야수,1989-12-18,165,77,84,308,271,31,87,18,1,3,46,31,3,35,9,4,0,0.321,0.395,0.428,0.823
하주석,한화,,,,,95,305,276,34,82,14,0,4,28,12,5,66,10,2,1,0.297,0.337,0.391,0.728
김태진,키움,내야수,1995-10-07,169,73,94,304,279,27,65,11,2,5,25,20,0,53,6,1,1,0.233,0.281,0.341,0.622
박준순,두산,내야수,2006-07-13,180,80,91,298,282,34,80,11,2,4,19,10,1,56,6,10,2,0.284,0.307,0.379,0.686
양석환,두산,내야수,1991-07-15,185,90,72,294,262,32,65,16,0,8,31,24,5,82,6,1,0,0.248,0.320,0.401,0.721
조형우,SSG,포수,2002-04-04,187,95,102,294,269,23,64,8,0,4,29,19,3,64,5,0,0,0.238,0.294,0.312,0.606
천재환,NC,외야수,1994-04-01,181,83,129,294,261,47,62,10,3,6,31,17,5,58,3,15,5,0.238,0.292,0.368,0.660
서호철,NC,내야수,1996-10-16,179,85,103,292,263,25,70,7,1,3,30,8,7,51,7,7,3,0.266,0.301,0.335,0.636
안상현,SSG,내야수,1997-01-27,178,74,102,289,258,38,68,8,2,6,15,18,2,85,2,17,6,0.264,0.314,0.380,0.694
황영묵,한화,내야수,1999-10-16,177,80,117,286,260,40,71,17,1,1,22,20,2,37,4,1,3,0.273,0.329,0.358,0.687
플로리얼,한화,,,,,65,285,258,36,70,18,2,8,29,24,1,65,2,13,3,0.271,0.333,0.450,0.783
장두성,롯데,외야수,1999-09-16,176,75,118,284,248,51,65,3,3,0,25,24,3,64,3,17,5,0.262,0.332,0.298,0.630
박주홍,키움,외야수,2001-04-16,187,87,102,283,248,33,56,11,3,3,23,30,1,72,5,11,1,0.226,0.310,0.331,0.641
이도윤,한화,내야수,1996-10-07,175,79,113,277,250,37,65,11,3,1,36,11,3,52,5,1,0,0.260,0.296,0.340,0.636
한준수,KIA,포수,1999-02-13,184,95,103,276,244,33,55,12,1,7,26,26,3,48,4,0,0,0.225,0.304,0.369,0.673
배정대,KT,외야수,1995-06-12,185,80,99,276,240,25,49,11,2,2,28,19,7,65,4,6,3,0.204,0.279,0.292,0.571
심우준,한화,내야수,1995-04-28,183,75,94,275,247,39,57,9,1,2,22,17,3,49,4,11,1,0.231,0.287,0.300,0.587
김태군,KIA,포수,1989-12-30,182,92,100,274,236,20,61,10,1,5,31,17,10,20,9,0,0,0.258,0.331,0.373,0.704
황성빈,롯데,,,,,79,273,246,43,63,4,4,1,22,18,4,46,3,25,4,0.256,0.315,0.317,0.632
리베라토,한화,,,,,62,273,246,41,77,18,2,10,39,23,0,47,3,1,0,0.313,0.366,0.524,0.890
한태양,롯데,,,,,108,267,230,42,63,14,2,2,22,32,2,69,3,3,2,0.274,0.367,0.378,0.745
김민성,롯데,내야수,1988-12-17,181,94,96,254,214,25,52,13,0,3,35,33,4,48,7,0,1,0.243,0.353,0.346,0.699
이원석,한화,외야수,1999-03-31,177,80,129,248,212,60,43,7,0,4,24,23,4,51,4,22,3,0.203,0.290,0.292,0.582
김민석,두산,외야수,2004-05-09,185,83,95,247,228,21,52,7,3,1,21,12,2,62,3,3,2,0.228,0.269,0.298,0.567
김기연,두산,포수,1997-09-07,178,106,100,245,219,19,54,9,0,2,24,19,1,44,8,1,0,0.247,0.307,0.315,0.622
박병호,삼성,,,,,77,232,196,26,39,5,0,15,33,27,7,70,5,0,0,0.199,0.315,0.454,0.769
오태곤,SSG,외야수,1991-11-18,186,88,122,229,194,31,39,6,0,5,26,30,1,59,4,25,8,0.201,0.310,0.309,0.619
김인태,두산,외야수,1994-07-03,178,78,106,225,183,17,39,10,1,3,25,36,5,57,2,0,1,0.213,0.356,0.328,0.684
김규성,KIA,내야수,1997-03-08,185,88,133,222,193,30,45,4,0,3,16,21,2,49,1,5,2,0.233,0.313,0.301,0.614
이지영,SSG,포수,1986-02-27,177,88,76,216,197,13,47,6,1,3,18,11,2,22,8,2,1,0.239,0.283,0.325,0.608
홍창기,LG,,,,,51,215,174,32,50,4,0,1,16,29,6,40,4,3,0,0.287,0.399,0.328,0.727
문상철,KT,내야수,1991-04-06,184,85,79,209,173,22,37,6,1,5,20,25,5,44,3,1,1,0.214,0.325,0.347,0.672
전태현,키움,내야수,2006-03-02,180,82,77,207,182,20,42,5,0,0,10,20,0,59,2,4,0,0.231,0.304,0.258,0.562
박승규,삼성,외야수,2000-09-02,178,78,64,200,174,39,50,5,0,6,14,21,4,43,2,5,4,0.287,0.377,0.420,0.797
정훈,롯데,,,,,77,200,185,14,40,11,0,2,11,10,3,40,4,0,0,0.216,0.268,0.308,0.576
천성호,LG,내야수,1997-10-30,183,85,83,199,173,24,41,9,2,1,17,17,5,29,2,3,1,0.237,0.323,0.329,0.652
양도근,삼성,,,,,116,198,166,23,43,5,0,0,16,18,2,41,3,5,1,0.259,0.337,0.289,0.626
박계범,두산,,,,,94,198,175,23,46,9,2,1,27,14,1,45,4,3,1,0.263,0.319,0.354,0.673
안치홍,한화,,,,,66,196,174,9,30,4,0,2,18,16,1,39,4,3,0,0.172,0.245,0.230,0.475
최준우,SSG,외야수,1999-03-25,175,78,78,192,152,17,29,0,0,3,22,30,3,47,3,2,0,0.191,0.328,0.250,0.578
김헌곤,삼성,외야수,1988-11-09,174,81,77,191,173,21,39,6,0,2,11,11,4,29,4,2,1,0.225,0.286,0.295,0.581
오윤석,KT,내야수,1992-02-24,180,87,77,184,156,30,40,8,1,0,19,12,7,41,4,0,0,0.256,0.335,0.321,0.656
오영수,NC,내야수,2000-01-30,178,93,67,179,155,14,36,5,0,3,23,22,2,47,0,3,2,0.232,0.335,0.323,0.658
주성원,키움,외야수,2000-08-30,182,95,58,174,156,21,39,6,0,1,12,13,4,45,2,4,0,0.250,0.322,0.308,0.630
푸이그,키움,,,,,40,172,156,17,33,2,0,6,20,12,4,38,1,0,0,0.212,0.285,0.340,0.625
스티븐슨,KT,,,,,39,168,149,26,39,12,0,3,14,14,4,43,2,2,0,0.262,0.341,0.403,0.744
송찬의,LG,외야수,1999-02-20,182,80,66,166,147,18,31,9,1,3,20,9,8,49,4,2,2,0.211,0.291,0.347,0.638
오선진,키움,내야수,1989-07-07,178,80,99,163,143,15,34,8,0,1,19,12,3,45,2,0,0,0.238,0.308,0.315,0.623
윤도현,KIA,내야수,2003-05-07,181,84,40,160,149,24,41,7,2,6,17,8,1,36,1,2,1,0.275,0.316,0.470,0.786
최인호,한화,외야수,2000-01-30,178,82,78,159,139,7,36,9,0,2,19,13,5,29,5,1,0,0.259,0.342,0.367,0.709
장진혁,KT,외야수,1993-09-30,184,90,86,157,139,19,29,3,1,4,19,13,0,46,1,1,0,0.209,0.275,0.331,0.606
이주헌,LG,포수,2003-03-04,185,92,76,156,128,22,28,3,0,4,9,18,8,30,2,0,0,0.219,0.351,0.336,0.687
최정원,NC,내야수,2000-06-24,176,70,91,155,120,40,33,3,0,0,11,18,12,22,0,30,6,0.275,0.417,0.300,0.717
이성규,삼성,외야수,1993-08-03,178,82,68,154,126,17,25,5,1,6,21,15,10,52,3,2,2,0.198,0.327,0.397,0.724
장준원,KT,내야수,1995-11-21,183,77,73,154,140,10,29,3,0,1,11,8,0,27,5,0,0,0.207,0.248,0.250,0.498
변우혁,KIA,내야수,2000-03-18,185,100,47,153,142,11,31,7,0,0,17,10,1,47,3,0,0,0.218,0.275,0.268,0.543
이호준,롯데,내야수,2004-03-20,172,72,99,153,132,20,32,7,4,3,23,14,3,33,3,1,0,0.242,0.327,0.424,0.751
정보근,롯데,포수,1999-08-31,175,94,93,152,129,4,24,4,1,1,15,18,1,39,4,0,0,0.186,0.291,0.256,0.547
이재원,한화,포수,1988-02-24,185,98,98,151,125,4,25,2,1,1,12,14,1,23,3,1,1,0.200,0.280,0.256,0.536
이정훈,KT,외야수,1994-12-07,185,90,59,148,132,20,34,4,0,4,14,13,3,48,4,0,1,0.258,0.338,0.379,0.717
박찬형,롯데,내야수,2002-10-17,175,78,48,148,129,21,44,8,2,3,19,11,7,26,1,1,1,0.341,0.419,0.504,0.923
안재석,두산,내야수,2002-02-15,185,75,35,147,135,25,43,16,1,4,20,11,0,27,3,2,1,0.319,0.370,0.541,0.911
조수행,두산,외야수,1993-08-30,178,73,108,140,119,30,29,4,0,0,9,14,0,29,1,30,7,0.244,0.323,0.277,0.600
임병욱,키움,외야수,1995-09-30,187,94,52,140,133,12,31,4,3,2,13,5,0,33,3,1,0,0.233,0.259,0.353,0.612
한석현,NC,외야수,1994-05-17,181,73,61,138,113,18,22,5,0,3,21,12,7,27,1,1,1,0.195,0.306,0.319,0.625
김성현,SSG,내야수,1987-03-09,172,72,59,137,115,15,25,3,0,1,11,16,1,20,4,1,1,0.217,0.316,0.270,0.586
김석환,KIA,외야수,1999-02-28,187,97,47,134,117,14,31,1,2,2,16,14,2,55,0,0,0,0.265,0.351,0.359,0.710
김성욱,SSG,외야수,1993-05-01,181,83,56,132,123,10,24,6,0,2,13,7,1,35,2,1,2,0.195,0.244,0.293,0.537
김재현,키움,포수,1993-03-18,178,90,62,128,120,12,25,5,0,0,5,1,3,31,1,1,0,0.208,0.234,0.250,0.484
박준영,두산,,,,,41,126,111,9,25,8,0,1,10,10,3,32,1,3,0,0.225,0.304,0.324,0.628
고종욱,KIA,외야수,1989-01-11,184,83,46,123,115,13,34,2,0,3,16,5,0,17,2,2,1,0.296,0.317,0.391,0.708
김도영,KIA,내야수,2003-10-02,183,85,30,122,110,20,34,9,0,7,27,10,0,23,3,3,0,0.309,0.361,0.582,0.943
최원영,LG,외야수,2003-07-18,174,76,119,115,103,37,29,5,0,0,2,4,4,20,4,8,4,0.282,0.330,0.330,0.660
김동혁,롯데,외야수,2000-09-15,177,77,93,114,89,19,20,4,1,0,6,18,3,26,3,13,4,0.225,0.373,0.292,0.665
이창진,KIA,외야수,1991-03-04,173,85,37,113,93,11,15,3,0,1,9,16,2,22,2,0,2,0.161,0.295,0.226,0.521
박민,KIA,내야수,2001-06-05,184,84,71,105,94,11,19,5,0,1,6,5,3,33,1,1,0,0.202,0.265,0.287,0.552
류효승,SSG,외야수,1996-07-16,190,100,27,103,94,18,27,5,0,6,16,7,2,28,1,0,1,0.287,0.350,0.532,0.882
김동준,두산,내야수,2002-09-04,193,100,36,100,93,8,22,3,0,2,10,5,1,30,2,1,1,0.237,0.283,0.333,0.616
김태훈,삼성,투수,1992-03-02,187,101,1,0,0,0,0,0,0,0,0,0,0,0,0,0,0,-,-,-,-
도태훈,NC,내야수,1993-03-18,184,85,61,98,77,9,14,4,1,1,8,7,8,16,2,3,0,0.182,0.315,0.299,0.614
전병우,삼성,내야수,1992-10-24,182,93,59,97,77,11,21,2,0,1,13,19,1,27,3,1,0,0.273,0.423,0.338,0.761
박세혁,NC,,,,,48,93,86,8,14,3,0,2,10,5,1,28,4,1,0,0.163,0.215,0.267,0.482
스톤,키움,,,,,22,93,87,4,21,0,0,2,15,5,0,24,2,0,0,0.241,0.280,0.310,0.590
박승욱,롯데,내야수,1992-12-04,184,83,54,92,84,10,16,3,0,0,5,5,1,30,0,1,1,0.190,0.244,0.226,0.470
김동헌,키움,포수,2004-07-15,182,91,49,91,82,8,22,3,0,0,8,7,1,23,0,0,0,0.268,0.330,0.305,0.635
조대현,KT,포수,1999-08-06,183,81,64,90,75,7,14,4,0,0,11,7,2,22,0,0,0,0.187,0.274,0.240,0.514
임종성,두산,내야수,2005-03-03,183,90,33,89,83,7,23,4,0,2,11,3,1,26,1,1,0,0.277,0.307,0.398,0.705
추재현,두산,,,,,34,87,81,7,18,3,1,1,7,3,1,17,2,0,0,0.222,0.259,0.321,0.580
송지후,키움,내야수,2005-01-08,175,74,33,86,80,5,14,3,0,1,8,3,2,18,3,0,1,0.175,0.221,0.250,0.471
홍종표,NC,내야수,2000-05-02,178,72,62,85,73,16,12,0,0,0,3,7,0,23,1,1,2,0.164,0.235,0.164,0.399
이형종,키움,외야수,1989-06-07,183,87,33,82,70,4,14,3,0,2,6,9,1,22,3,1,0,0.200,0.300,0.329,0.629
맥브룸,SSG,,,,,22,80,74,8,15,3,0,4,11,5,1,28,2,0,0,0.203,0.263,0.405,0.668
강현우,KT,포수,2001-04-13,180,90,40,78,64,5,12,1,0,1,8,10,0,14,1,0,0,0.188,0.293,0.250,0.543
김찬형,SSG,,,,,44,78,73,4,13,2,0,0,5,3,1,13,3,0,0,0.178,0.221,0.205,0.426
박정우,KIA,외야수,1998-02-01,175,68,53,75,62,17,17,2,0,0,4,10,3,12,1,2,1,0.274,0.400,0.306,0.706
이영빈,LG,내야수,2002-06-17,182,82,44,75,72,12,15,1,1,3,9,1,0,35,1,1,0,0.208,0.216,0.375,0.591
이호연,KT,,,,,32,75,70,8,24,7,0,1,8,3,1,14,2,0,0,0.343,0.378,0.486,0.864
김재성,삼성,포수,1996-10-30,185,85,43,73,63,3,8,2,0,0,4,6,2,23,0,0,0,0.127,0.222,0.159,0.381
김한별,NC,내야수,2001-01-18,177,85,76,72,64,14,20,2,0,0,5,3,3,5,2,1,0,0.313,0.371,0.344,0.715
박재현,KIA,외야수,2006-12-08,180,73,58,69,62,11,5,1,0,0,3,6,0,26,0,4,3,0.081,0.159,0.097,0.256
노진혁,롯데,내야수,1989-07-15,184,80,28,69,63,11,17,1,2,1,5,5,1,20,0,0,0,0.270,0.333,0.397,0.730
손성빈,롯데,포수,2002-01-14,186,92,51,69,62,6,9,0,0,1,3,4,1,20,1,0,0,0.145,0.209,0.194,0.403
박지환,SSG,,,,,31,68,60,3,9,0,0,0,4,4,0,19,1,0,1,0.150,0.200,0.150,0.350
현원회,SSG,내야수,2001-07-08,180,95,21,62,59,6,18,1,0,1,6,3,0,16,3,0,0,0.305,0.339,0.373,0.712
하재훈,SSG,,,,,18,61,56,6,8,0,0,3,8,4,0,21,1,1,2,0.143,0.197,0.304,0.501
여동욱,키움,내야수,2005-11-10,180,90,28,61,53,6,7,1,0,2,2,7,0,21,2,0,0,0.132,0.233,0.264,0.497
박시원,NC,외야수,2001-05-30,185,85,52,60,54,12,11,2,0,1,4,5,0,18,1,1,0,0.204,0.271,0.296,0.567
안중열,NC,포수,1995-09-01,176,87,33,60,49,2,7,3,0,0,6,8,2,15,0,0,0,0.143,0.288,0.204,0.492
이병헌,삼성,포수,1999-10-26,180,87,55,59,55,5,11,3,0,1,7,3,1,13,1,0,0,0.200,0.254,0.309,0.563
박관우,LG,,,,,39,58,53,12,14,2,0,2,13,3,1,11,1,0,0,0.264,0.310,0.415,0.725
황대인,KIA,,,,,18,57,53,3,10,3,0,1,8,3,0,14,0,0,0,0.189,0.228,0.302,0.530
안치영,KT,외야수,1998-05-29,176,72,47,56,44,9,10,1,0,1,6,4,3,13,1,0,2,0.227,0.327,0.318,0.645
박지훈,두산,내야수,2000-09-07,183,80,37,55,48,11,20,4,0,1,8,5,1,12,1,1,0,0.417,0.481,0.563,1.044
석정우,SSG,내야수,1999-01-20,180,82,27,54,49,3,13,1,0,2,4,4,1,18,1,0,0,0.265,0.333,0.408,0.741
원성준,키움,외야수,2000-03-31,181,80,24,53,46,5,8,1,0,2,4,7,0,18,1,0,0,0.174,0.283,0.326,0.609
채현우,SSG,외야수,1995-11-21,182,80,41,52,48,8,9,1,1,1,9,3,0,13,1,2,0,0.188,0.231,0.313,0.544
정해원,KIA,외야수,2004-05-21,185,87,24,46,40,5,3,0,0,0,0,5,1,14,4,0,0,0.075,0.196,0.075,0.271
윤정빈,삼성,외야수,1999-06-24,182,93,25,46,40,3,7,1,0,0,3,4,0,18,1,0,0,0.175,0.239,0.200,0.439
박수종,키움,외야수,1999-02-25,178,82,38,45,42,6,6,0,0,1,2,3,0,12,0,1,0,0.143,0.200,0.214,0.414
심재훈,삼성,내야수,2006-03-03,180,80,31,43,38,8,7,0,0,0,2,4,0,13,0,3,1,0.184,0.262,0.184,0.446
유준규,KT,외야수,2002-08-16,176,69,35,41,34,13,4,2,0,0,3,7,0,13,0,2,1,0.118,0.268,0.176,0.444
이용규,키움,,,,,14,41,37,7,8,1,0,0,0,3,0,8,1,1,0,0.216,0.275,0.243,0.518
신범수,SSG,포수,1998-01-25,177,83,29,39,33,1,6,1,0,1,3,5,1,7,0,0,0,0.182,0.308,0.303,0.611
홍현빈,삼성,,,,,32,38,32,8,4,2,0,0,0,3,1,8,0,0,0,0.125,0.222,0.188,0.410
김대한,두산,외야수,2000-12-06,185,83,16,37,36,1,7,0,0,1,5,1,0,6,0,0,1,0.194,0.216,0.278,0.494
함창건,LG,외야수,2001-08-18,176,83,15,36,32,2,6,2,0,0,2,3,0,9,1,0,0,0.188,0.250,0.250,0.500
강민성,KT,내야수,1999-12-08,180,85,25,36,30,0,1,0,0,0,1,5,0,15,1,0,0,0.033,0.167,0.033,0.200
임종찬,한화,외야수,2001-09-28,184,85,17,35,30,2,5,1,0,1,2,5,0,13,0,2,0,0.167,0.286,0.300,0.586
문정빈,LG,내야수,2003-08-15,186,90,21,33,30,5,5,0,0,2,4,1,2,11,0,0,0,0.167,0.242,0.367,0.609
한재환,NC,내야수,2001-10-19,177,89,16,31,27,2,5,0,0,0,4,2,2,14,0,0,0,0.185,0.290,0.185,0.475
김웅빈,키움,내야수,1996-02-09,182,97,10,31,24,1,2,0,0,0,0,6,0,7,2,0,0,0.083,0.267,0.083,0.350
허인서,한화,포수,2003-07-11,182,93,20,30,29,2,5,1,0,0,2,0,1,12,1,0,0,0.172,0.200,0.207,0.407
김동엽,키움,,,,,9,29,27,2,6,2,0,0,2,2,0,11,1,0,0,0.222,0.276,0.296,0.572
홍성호,두산,외야수,1997-07-15,187,98,9,27,26,3,9,1,0,2,3,1,0,8,0,0,0,0.346,0.370,0.615,0.985
서건창,KIA,,,,,10,26,22,1,3,1,0,1,2,2,0,5,1,1,0,0.136,0.208,0.318,0.526
김인환,한화,,,,,10,26,25,2,2,0,0,1,3,1,0,9,1,0,0,0.080,0.115,0.200,0.315
고영우,키움,,,,,14,26,23,4,5,1,0,0,2,2,0,6,2,0,0,0.217,0.280,0.261,0.541
권혁빈,키움,내야수,2005-11-04,185,75,22,24,20,1,2,0,0,0,1,2,0,7,1,0,0,0.100,0.182,0.100,0.282
한승택,KIA,,,,,15,23,21,3,5,1,0,0,0,1,1,7,1,0,0,0.238,0.304,0.286,0.590
류현준,두산,포수,2005-03-25,182,92,17,22,22,2,3,0,0,0,1,0,0,6,1,0,0,0.136,0.136,0.136,0.272
정현창,KIA,내야수,2006-07-14,177,70,16,21,19,4,5,0,0,0,0,2,0,5,0,0,1,0.263,0.333,0.263,0.596
김민혁,두산,내야수,1996-05-03,188,100,10,21,17,2,2,0,0,1,1,4,0,6,0,0,0,0.118,0.286,0.294,0.580
여동건,두산,,,,,19,21,19,6,2,0,0,0,2,2,0,2,1,0,1,0.105,0.190,0.105,0.295
박민석,KT,외야수,2006-07-27,178,83,19,21,19,5,5,1,1,0,1,2,0,4,0,0,1,0.263,0.333,0.421,0.754
최성민,KT,외야수,2002-07-05,179,84,32,21,19,3,2,0,0,0,2,1,0,5,0,1,0,0.105,0.150,0.105,0.255
염승원,키움,내야수,2006-03-20,180,78,11,21,19,2,4,0,0,0,1,1,0,6,0,0,0,0.211,0.238,0.211,0.449
변상권,키움,,,,,12,20,19,2,5,2,0,0,4,0,0,2,0,0,0,0.263,0.250,0.368,0.618
한승현,롯데,,,,,19,19,17,1,1,0,0,0,1,1,0,6,0,1,1,0.059,0.105,0.059,0.164
박한결,NC,,,,,8,19,17,2,2,0,0,2,3,2,0,8,0,0,0,0.118,0.211,0.471,0.682
안주형,삼성,,,,,8,18,17,3,4,0,0,1,2,1,0,5,1,0,1,0.235,0.278,0.412,0.690
윤준혁,KT,,,,,28,18,17,4,1,1,0,0,0,0,0,5,0,1,0,0.059,0.059,0.118,0.177
권광민,한화,외야수,1997-12-12,189,102,15,18,18,2,3,1,0,0,0,0,0,5,1,0,0,0.167,0.167,0.222,0.389
주효상,KIA,포수,1997-11-11,183,95,8,17,15,1,5,2,0,0,1,2,0,4,0,0,0,0.333,0.412,0.467,0.879
이창용,삼성,내야수,1999-06-03,184,89,11,17,15,2,3,1,0,1,2,2,0,8,0,1,0,0.200,0.294,0.467,0.761
김주성,LG,외야수,1998-01-30,180,81,16,17,15,3,3,0,0,1,1,1,1,2,0,0,2,0.200,0.294,0.400,0.694
김준상,두산,내야수,2004-08-02,184,75,9,17,15,1,3,1,0,0,0,0,1,8,0,0,0,0.200,0.250,0.267,0.517
양우현,삼성,내야수,2000-04-13,175,82,14,16,16,3,3,1,0,0,4,0,0,2,0,0,0,0.188,0.188,0.250,0.438
손용준,LG,내야수,2000-02-15,178,85,9,16,15,3,3,0,0,0,1,0,1,5,2,1,0,0.200,0.250,0.200,0.450
박재엽,롯데,포수,2006-01-23,184,92,9,16,14,2,4,1,0,1,3,2,0,5,0,0,0,0.286,0.375,0.571,0.946
유로결,한화,외야수,2000-05-30,186,83,20,16,13,1,2,0,0,0,0,0,1,4,0,1,0,0.154,0.214,0.154,0.368
장재영,키움,,,,,10,16,14,1,2,0,0,0,2,2,0,7,0,1,0,0.143,0.250,0.143,0.393
송승환,NC,,,,,13,15,15,0,3,1,0,0,2,0,0,6,0,0,0,0.200,0.200,0.267,0.467
박헌,KIA,외야수,2006-01-05,185,90,8,14,12,0,1,0,0,0,0,1,1,3,0,0,0,0.083,0.214,0.083,0.297
김도환,삼성,포수,2000-04-14,178,90,6,14,14,3,4,1,0,0,1,0,0,4,0,0,0,0.286,0.286,0.357,0.643
김태근,삼성,,,,,11,14,12,2,4,0,0,0,0,2,0,4,0,0,0,0.333,0.429,0.333,0.762
함수호,삼성,외야수,2006-03-10,181,88,6,14,14,1,3,0,0,0,1,0,0,6,0,0,0,0.214,0.214,0.214,0.428
양현종,키움,내야수,2006-08-15,177,84,12,14,12,1,1,0,0,0,0,2,0,5,0,0,0,0.083,0.214,0.083,0.297
김정율,LG,내야수,1998-03-18,184,97,13,13,11,0,2,0,0,0,1,1,0,6,0,1,0,0.182,0.231,0.182,0.413
이율예,SSG,,,,,8,13,13,3,3,0,0,3,7,0,0,6,0,0,0,0.231,0.231,0.923,1.154
신윤후,롯데,외야수,1996-01-05,177,77,12,13,12,1,2,0,0,0,0,0,0,3,0,1,0,0.167,0.167,0.167,0.334
오태양,NC,내야수,2002-04-25,180,78,14,13,12,6,3,0,0,0,1,1,0,3,0,2,1,0.250,0.308,0.250,0.558
강진성,키움,,,,,6,13,11,1,2,0,0,0,1,2,0,1,2,0,0,0.182,0.308,0.182,0.490
전다민,두산,외야수,2001-08-21,177,75,22,12,12,5,1,0,0,0,0,0,0,0,1,3,0,0.083,0.083,0.083,0.166
김수윤,SSG,내야수,1998-07-16,180,83,7,12,11,0,1,0,0,0,0,0,1,4,0,0,0,0.091,0.167,0.091,0.258
이상혁,한화,,,,,39,12,10,14,2,1,0,0,2,0,1,3,0,3,4,0.200,0.273,0.300,0.573
이선우,두산,내야수,2006-04-04,182,80,10,11,11,0,2,1,0,0,0,0,0,2,0,0,0,0.182,0.182,0.273,0.455
고승완,NC,외야수,2001-03-15,178,81,17,11,10,5,2,0,0,0,0,1,0,5,0,2,1,0.200,0.273,0.200,0.473
김정호,NC,포수,1998-07-13,172,84,8,11,9,3,4,0,0,0,0,0,1,4,0,0,0,0.444,0.500,0.444,0.944
최상민,SSG,,,,,23,9,7,5,1,0,0,0,1,1,1,5,0,1,1,0.143,0.333,0.143,0.476
조세진,롯데,외야수,2003-11-21,181,86,12,9,7,1,1,0,0,0,0,2,0,4,0,0,0,0.143,0.333,0.143,0.476
서유신,키움,,,,,6,8,7,0,0,0,0,0,0,1,0,4,0,0,0,0.000,0.125,0.000,0.125
이원석,키움,,,,,5,8,7,1,1,0,0,0,0,1,0,2,1,0,0,0.143,0.250,0.143,0.393
박성재,두산,내야수,2002-11-18,186,98,6,7,7,0,0,0,0,0,0,0,0,5,0,0,0,0.000,0.000,0.000,0.000
최항,롯데,내야수,1994-01-03,183,88,8,7,6,1,1,0,0,0,1,1,0,4,0,0,0,0.167,0.286,0.167,0.453
안인산,NC,,,,,4,7,6,0,0,0,0,0,1,0,0,3,0,0,0,0.000,0.000,0.000,0.000
최정용,KIA,내야수,1996-10-24,179,84,4,6,6,0,1,0,0,0,0,0,0,2,1,0,0,0.167,0.167,0.167,0.334
김현종,LG,외야수,2004-08-04,186,85,10,6,5,3,2,1,0,0,0,1,0,1,1,0,0,0.400,0.500,0.600,1.100
최승민,LG,,,,,19,6,5,6,0,0,0,0,0,1,0,2,0,1,2,0.000,0.167,0.000,0.167
김병휘,키움,내야수,2001-02-16,177,79,7,6,4,2,1,0,0,0,0,2,0,1,0,0,0,0.250,0.500,0.250,0.750
이해승,삼성,내야수,2000-08-01,180,86,8,5,5,2,1,0,0,0,1,0,0,2,0,0,0,0.200,0.200,0.200,0.400
김성우,LG,,,,,7,5,5,0,1,0,0,0,1,0,0,1,0,0,0,0.200,0.200,0.200,0.400
김병준,KT,,,,,9,5,5,2,1,0,0,0,0,0,0,2,0,0,0,0.200,0.200,0.200,0.400
이승민,SSG,외야수,2005-01-06,187,90,2,5,5,0,1,0,0,0,0,0,0,2,0,0,0,0.200,0.200,0.200,0.400
임근우,SSG,외야수,1999-07-22,180,88,3,5,5,0,0,0,0,0,0,0,0,1,0,0,0,0.000,0.000,0.000,0.000
홍대인,SSG,내야수,2001-11-23,174,76,14,5,5,3,1,0,0,0,0,0,0,2,0,1,1,0.200,0.200,0.200,0.400
박영빈,NC,외야수,1997-07-16,182,88,16,5,4,8,1,0,0,0,1,1,0,2,0,4,2,0.250,0.400,0.250,0.650
김재혁,삼성,외야수,1999-12-26,182,85,8,4,3,2,0,0,0,0,0,1,0,2,0,0,0,0.000,0.250,0.000,0.250
김태윤,SSG,내야수,2003-02-28,170,65,8,4,2,0,1,0,0,0,0,2,0,0,0,1,1,0.500,0.750,0.500,1.250
이민재,한화,,,,,3,4,4,0,0,0,0,0,0,0,0,1,1,0,0,0.000,0.000,0.000,0.000
천현재,두산,외야수,1999-07-05,183,90,3,3,3,0,0,0,0,0,0,0,0,0,1,0,0,0.000,0.000,0.000,0.000
이정범,SSG,,,,,3,3,3,0,0,0,0,0,0,0,0,2,0,0,0,0.000,0.000,0.000,0.000
박건우,롯데,포수,2003-02-01,183,92,6,3,3,1,2,0,0,0,1,0,0,1,0,0,0,0.667,0.667,0.667,1.334
김준태,LG,포수,1994-07-31,175,91,2,2,1,1,1,0,0,0,0,1,0,0,0,0,0,1.000,1.000,1.000,2.000
유영찬,LG,투수,1997-03-07,185,90,11,2,1,0,0,0,0,0,0,1,0,0,0,0,0,0.000,0.500,0.000,0.500
강현구,두산,,,,,1,2,2,0,0,0,0,0,0,0,0,1,0,0,0,0.000,0.000,0.000,0.000
박민준,두산,포수,2002-10-21,183,95,7,2,2,0,0,0,0,0,0,0,0,1,0,0,0,0.000,0.000,0.000,0.000
장승현,두산,,,,,4,2,2,0,0,0,0,0,0,0,0,0,1,0,0,0.000,0.000,0.000,0.000
정현승,SSG,,,,,3,2,2,0,1,1,0,0,0,0,0,0,0,0,0,0.500,0.500,1.000,1.500
박정현,한화,내야수,2001-07-27,183,80,2,2,2,0,0,0,0,0,0,0,0,1,0,0,0,0.000,0.000,0.000,0.000
장규현,한화,포수,2002-06-28,183,96,2,2,1,1,1,0,0,0,0,1,0,0,0,0,0,1.000,1.000,1.000,2.000
이승원,키움,,,,,1,2,2,0,0,0,0,0,0,0,0,0,0,0,0,0.000,0.000,0.000,0.000
이재상,키움,,,,,2,2,2,0,1,0,0,0,0,0,0,1,0,0,0,0.500,0.500,0.500,1.000
김기훈,KIA,투수,2000-01-03,184,93,2,1,1,0,0,0,0,0,0,0,0,1,0,0,0,0.000,0.000,0.000,0.000
박진우,삼성,포수,2003-10-14,176,87,1,1,1,0,0,0,0,0,0,0,0,0,0,0,0,0.000,0.000,0.000,0.000
차승준,삼성,내야수,2006-11-20,181,88,1,1,1,0,0,0,0,0,0,0,0,0,0,0,0,0.000,0.000,0.000,0.000
김성재,두산,포수,2006-05-16,182,98,1,1,1,0,0,0,0,0,0,0,0,0,0,0,0,0.000,0.000,0.000,0.000
김건형,KT,,,,,2,1,1,0,0,0,0,0,0,0,0,0,0,0,0,0.000,0.000,0.000,0.000
강승구,롯데,포수,2003-10-19,180,83,1,1,1,0,0,0,0,0,0,0,0,0,0,0,0,0.000,0.000,0.000,0.000
이태경,롯데,,,,,2,1,1,0,0,0,0,0,0,0,0,1,0,0,0,0.000,0.000,0.000,0.000
이승현,한화,포수,2005-06-08,180,92,4,1,1,1,1,0,1,0,1,0,0,0,0,0,0,1.000,1.000,3.000,4.000
김범준,NC,외야수,2000-04-20,183,90,1,1,1,0,0,0,0,0,0,0,0,1,0,0,0,0.000,0.000,0.000,0.000
김대유,KIA,투수,1991-05-08,187,92,1,0,0,0,0,0,0,0,0,0,0,0,0,0,0,-,-,-,-
김시훈,KIA,투수,1999-02-24,188,95,4,0,0,0,0,0,0,0,0,0,0,0,0,0,0,-,-,-,-
김현수,KIA,투수,2000-07-10,185,90,1,0,0,0,0,0,0,0,0,0,0,0,0,0,0,-,-,-,-
이성원,KIA,투수,2006-05-18,184,90,1,0,0,0,0,0,0,0,0,0,0,0,0,0,0,-,-,-,-
이준영,KIA,투수,1992-08-10,177,85,1,0,0,0,0,0,0,0,0,0,0,0,0,0,0,-,-,-,-
전상현,KIA,투수,1996-04-18,180,88,1,0,0,0,0,0,0,0,0,0,0,0,0,0,0,-,-,-,-
정해영,KIA,투수,2001-08-23,189,98,1,0,0,0,0,0,0,0,0,0,0,0,0,0,0,-,-,-,-
조상우,KIA,투수,1994-09-04,186,97,2,0,0,0,0,0,0,0,0,0,0,0,0,0,0,-,-,-,-
한재승,KIA,투수,2001-11-21,180,90,2,0,0,0,0,0,0,0,0,0,0,0,0,0,0,-,-,-,-
황동하,KIA,,,,,3,0,0,0,0,0,0,0,0,0,0,0,0,0,0,-,-,-,-
김대호,삼성,,,,,1,0,0,0,0,0,0,0,0,0,0,0,0,0,0,-,-,-,-
김재윤,삼성,투수,1990-09-16,185,91,2,0,0,0,0,0,0,0,0,0,0,0,0,0,0,-,-,-,-
김호진,삼성,,,,,1,0,0,0,0,0,0,0,0,0,0,0,0,0,0,-,-,-,-
배찬승,삼성,투수,2006-01-01,180,85,2,0,0,0,0,0,0,0,0,0,0,0,0,0,0,-,-,-,-
양창섭,삼성,투수,1999-09-22,182,85,1,0,0,0,0,0,0,0,0,0,0,0,0,0,0,-,-,-,-
육선엽,삼성,투수,2005-07-13,190,90,2,0,0,0,0,0,0,0,0,0,0,0,0,0,0,-,-,-,-
이승현,삼성,투수,1991-11-20,181,92,2,0,0,0,0,0,0,0,0,0,0,0,0,0,0,-,-,-,-
이재희,삼성,투수,2001-10-11,187,88,1,0,0,0,0,0,0,0,0,0,0,0,0,0,0,-,-,-,-
이호성,삼성,투수,2004-08-14,184,87,2,0,0,0,0,0,0,0,0,0,0,0,0,0,0,-,-,-,-
김영우,LG,투수,2005-01-14,185,90,4,0,0,0,0,0,0,0,0,0,0,0,0,0,0,-,-,-,-
김진성,LG,투수,1985-03-07,186,90,5,0,0,0,0,0,0,0,0,0,0,0,0,0,0,-,-,-,-
김진수,LG,투수,1998-08-31,179,82,1,0,0,0,0,0,0,0,0,0,0,0,0,0,0,-,-,-,-
박명근,LG,,,,,5,0,0,0,0,0,0,0,0,0,0,0,0,0,0,-,-,-,-
백승현,LG,투수,1995-05-26,183,90,3,0,0,0,0,0,0,0,0,0,0,0,0,0,0,-,-,-,-
우강훈,LG,투수,2002-10-03,183,88,2,0,0,0,0,0,0,0,0,0,0,0,0,0,0,-,-,-,-
이우찬,LG,투수,1992-08-04,185,97,1,0,0,0,0,0,0,0,0,0,0,0,0,0,0,-,-,-,-
이정용,LG,투수,1996-03-26,186,85,8,0,0,0,0,0,0,0,0,0,0,0,0,0,0,-,-,-,-
이지강,LG,투수,1999-07-02,183,85,6,0,0,0,0,0,0,0,0,0,0,0,0,0,0,-,-,-,-
장현식,LG,투수,1995-02-24,181,91,6,0,0,0,0,0,0,0,0,0,0,0,0,0,0,-,-,-,-
함덕주,LG,투수,1995-01-13,181,78,3,0,0,0,0,0,0,0,0,0,0,0,0,0,0,-,-,-,-
고효준,두산,,,,,1,0,0,0,0,0,0,0,0,0,0,0,0,0,0,-,-,-,-
김재호,두산,,,,,1,0,0,0,0,0,0,0,0,0,0,0,0,0,0,-,-,-,-
김정우,두산,투수,1999-05-15,183,87,1,0,0,0,0,0,0,0,0,0,0,0,0,0,0,-,-,-,-
김택연,두산,투수,2005-06-03,181,88,5,0,0,0,0,0,0,0,0,0,0,0,0,0,0,-,-,-,-
김한중,두산,투수,2004-11-03,183,89,1,0,0,0,0,0,0,0,0,0,0,0,0,0,0,-,-,-,-
김호준,두산,투수,1998-05-17,180,82,1,0,0,0,0,0,0,0,0,0,0,0,0,0,0,-,-,-,-
박신지,두산,투수,1999-07-16,185,75,1,0,0,0,0,0,0,0,0,0,0,0,0,0,0,-,-,-,-
박치국,두산,투수,1998-03-10,177,78,1,0,0,0,0,0,0,0,0,0,0,0,0,0,0,-,-,-,-
양재훈,두산,투수,2003-05-01,186,89,1,0,0,0,0,0,0,0,0,0,0,0,0,0,0,-,-,-,-
이영하,두산,투수,1997-11-01,192,91,1,0,0,0,0,0,0,0,0,0,0,0,0,0,0,-,-,-,-
최원준,두산,투수,1994-12-21,182,91,1,0,0,0,0,0,0,0,0,0,0,0,0,0,0,-,-,-,-
홍민규,두산,,,,,2,0,0,0,0,0,0,0,0,0,0,0,0,0,0,-,-,-,-
김민석,KT,포수,2005-07-22,181,93,2,0,0,0,0,0,0,0,0,0,0,0,0,0,0,-,-,-,-
김민수,KT,투수,1992-07-24,188,80,1,0,0,0,0,0,0,0,0,0,0,0,0,0,0,-,-,-,-
박건우,KT,투수,2006-11-28,182,95,2,0,0,0,0,0,0,0,0,0,0,0,0,0,0,-,-,-,-
박경수,KT,,,,,1,0,0,0,0,0,0,0,0,0,0,0,0,0,0,-,-,-,-
박영현,KT,투수,2003-10-11,183,91,5,0,0,0,0,0,0,0,0,0,0,0,0,0,0,-,-,-,-
손동현,KT,투수,2001-01-23,183,88,1,0,0,0,0,0,0,0,0,0,0,0,0,0,0,-,-,-,-
송민섭,KT,,,,,3,0,0,0,0,0,0,0,0,0,0,0,0,0,0,-,-,-,-
오서진,KT,내야수,2006-02-22,188,80,3,0,0,0,0,0,0,0,0,0,0,0,0,0,0,-,-,-,-
우규민,KT,투수,1985-01-21,184,75,2,0,0,0,0,0,0,0,0,0,0,0,0,0,0,-,-,-,-
이상동,KT,투수,1995-11-24,181,88,2,0,0,0,0,0,0,0,0,0,0,0,0,0,0,-,-,-,-
이정현,KT,투수,1997-12-05,188,93,2,0,0,0,0,0,0,0,0,0,0,0,0,0,0,-,-,-,-
주권,KT,투수,1995-05-31,181,82,2,0,0,0,0,0,0,0,0,0,0,0,0,0,0,-,-,-,-
최동환,KT,투수,1989-09-19,184,83,1,0,0,0,0,0,0,0,0,0,0,0,0,0,0,-,-,-,-
김강민,SSG,,,,,1,0,0,0,0,0,0,0,0,0,0,0,0,0,0,-,-,-,-
김건우,SSG,투수,2002-07-12,186,88,1,0,0,0,0,0,0,0,0,0,0,0,0,0,0,-,-,-,-
김창평,SSG,외야수,2000-06-14,185,85,4,0,0,1,0,0,0,0,0,0,0,0,0,0,0,-,-,-,-
김택형,SSG,투수,1996-10-10,185,90,1,0,0,0,0,0,0,0,0,0,0,0,0,0,0,-,-,-,-
노경은,SSG,투수,1984-03-11,187,100,1,0,0,0,0,0,0,0,0,0,0,0,0,0,0,-,-,-,-
이로운,SSG,투수,2004-09-11,185,105,1,0,0,0,0,0,0,0,0,0,0,0,0,0,0,-,-,-,-
전영준,SSG,투수,2002-04-16,190,100,1,0,0,0,0,0,0,0,0,0,0,0,0,0,0,-,-,-,-
조병현,SSG,투수,2002-05-08,182,90,2,0,0,0,0,0,0,0,0,0,0,0,0,0,0,-,-,-,-
최민준,SSG,투수,1999-06-11,178,83,1,0,0,0,0,0,0,0,0,0,0,0,0,0,0,-,-,-,-
최현석,SSG,,,,,1,0,0,0,0,0,0,0,0,0,0,0,0,0,0,-,-,-,-
한두솔,SSG,투수,1997-01-15,177,86,1,0,0,0,0,0,0,0,0,0,0,0,0,0,0,-,-,-,-
강성우,롯데,,,,,1,0,0,0,0,0,0,0,0,0,0,0,0,0,1,-,-,-,-
구승민,롯데,투수,1990-06-12,182,86,1,0,0,0,0,0,0,0,0,0,0,0,0,0,0,-,-,-,-
김강현,롯데,투수,1995-02-27,177,84,1,0,0,0,0,0,0,0,0,0,0,0,0,0,0,-,-,-,-
김태혁,롯데,투수,1988-01-02,180,88,1,0,0,0,0,0,0,0,0,0,0,0,0,0,0,-,-,-,-
김원중,롯데,투수,1993-06-14,192,96,8,0,0,0,0,0,0,0,0,0,0,0,0,0,0,-,-,-,-
박준우,롯데,투수,2005-05-27,190,94,1,0,0,0,0,0,0,0,0,0,0,0,0,0,0,-,-,-,-
박진,롯데,투수,1999-04-02,182,106,1,0,0,0,0,0,0,0,0,0,0,0,0,0,0,-,-,-,-
윤성빈,롯데,투수,1999-02-26,197,90,1,0,0,0,0,0,0,0,0,0,0,0,0,0,0,-,-,-,-
이인한,롯데,외야수,1998-12-24,183,95,4,0,0,0,0,0,0,0,0,0,0,0,0,0,0,-,-,-,-
정철원,롯데,투수,1999-03-27,192,95,2,0,0,0,0,0,0,0,0,0,0,0,0,0,0,-,-,-,-
정현수,롯데,투수,2001-05-10,180,84,3,0,0,0,0,0,0,0,0,0,0,0,0,0,0,-,-,-,-
김서현,한화,투수,2004-05-31,188,86,3,0,0,0,0,0,0,0,0,0,0,0,0,0,0,-,-,-,-
김승일,한화,투수,2001-07-07,183,85,1,0,0,0,0,0,0,0,0,0,0,0,0,0,0,-,-,-,-
김종수,한화,투수,1994-06-03,180,88,1,0,0,0,0,0,0,0,0,0,0,0,0,0,0,-,-,-,-
박상원,한화,투수,1994-09-09,187,98,1,0,0,0,0,0,0,0,0,0,0,0,0,0,0,-,-,-,-
윤산흠,한화,투수,1999-05-15,178,74,1,0,0,0,0,0,0,0,0,0,0,0,0,0,0,-,-,-,-
정우주,한화,투수,2006-11-07,184,88,3,0,0,0,0,0,0,0,0,0,0,0,0,0,0,-,-,-,-
조동욱,한화,투수,2004-11-02,190,82,2,0,0,0,0,0,0,0,0,0,0,0,0,0,0,-,-,-,-
한승혁,한화,,,,,1,0,0,0,0,0,0,0,0,0,0,0,0,0,0,-,-,-,-
김영규,NC,투수,2000-02-10,188,86,1,0,0,0,0,0,0,0,0,0,0,0,0,0,0,-,-,-,-
김태훈,NC,투수,2006-10-26,188,88,1,0,0,0,0,0,0,0,0,0,0,0,0,0,0,-,-,-,-
류진욱,NC,투수,1996-10-10,189,88,3,0,0,0,0,0,0,0,0,0,0,0,0,0,0,-,-,-,-
배재환,NC,투수,1995-02-24,186,95,2,0,0,0,0,0,0,0,0,0,0,0,0,0,0,-,-,-,-
소이현,NC,투수,1999-02-09,185,93,2,0,0,0,0,0,0,0,0,0,0,0,0,0,0,-,-,-,-
손주환,NC,투수,2002-01-05,177,85,2,0,0,0,0,0,0,0,0,0,0,0,0,0,0,-,-,-,-
전사민,NC,투수,1999-07-06,194,85,1,0,0,0,0,0,0,0,0,0,0,0,0,0,0,-,-,-,-
박윤성,키움,투수,2004-02-08,183,96,3,0,0,0,0,0,0,0,0,0,0,0,0,0,0,-,-,-,-
박정훈,키움,투수,2006-03-23,192,103,1,0,0,0,0,0,0,0,0,0,0,0,0,0,0,-,-,-,-
박주성,키움,투수,2000-11-09,181,90,2,0,0,0,0,0,0,0,0,0,0,0,0,0,0,-,-,-,-
알칸타라,키움,투수,1992-12-04,193,100,1,0,0,0,0,0,0,0,0,0,0,0,0,0,0,-,-,-,-
이준우,키움,투수,2001-03-02,183,93,1,0,0,0,0,0,0,0,0,0,0,0,0,0,0,-,-,-,-
주승우,키움,,,,,2,0,0,0,0,0,0,0,0,0,0,0,0,0,0,-,-,-,-
