선수명,팀,생년월일,키cm,몸무게kg,ERA,경기,승,패,세이브,홀드,승률,이닝,피안타,피홈런,볼넷,사구,탈삼진,실점,자책점,WHIP
후라도,삼성,,,,2.60,30,15,8,0,0,0.652,197 1/3,177,17,36,4,142,65,57,1.08
폰세,한화,,,,1.89,29,17,1,0,0,0.944,180 2/3,128,10,41,6,252,41,38,0.94
와이스,한화,,,,2.87,30,16,5,0,0,0.762,178 2/3,127,13,56,13,207,63,57,1.02
치리노스,LG,1993-12-26,188,102,3.31,30,13,6,0,0,0.684,177,173,5,36,9,137,71,65,1.18
잭로그,두산,1996-04-23,183,84,2.81,30,10,8,0,1,0.556,176,146,8,39,17,156,66,55,1.05
로건,NC,,,,4.53,32,7,12,0,0,0.368,173,180,18,67,10,149,98,87,1.43
라일리,NC,1996-07-09,190,100,3.45,30,17,7,0,0,0.708,172,136,18,56,3,216,76,66,1.12
앤더슨,SSG,,,,2.25,30,12,7,0,0,0.632,171 2/3,121,13,51,9,245,53,43,1.00
원태인,삼성,2000-04-06,183,92,3.24,27,12,4,0,0,0.750,166 2/3,157,20,27,6,108,66,60,1.10
네일,KIA,1993-02-08,193,83,2.25,27,8,4,0,0,0.667,164 1/3,135,6,41,15,152,46,41,1.07
헤이수스,KT,,,,3.96,32,9,9,0,1,0.500,163 2/3,173,17,44,8,165,85,72,1.33
고영표,KT,1991-09-16,187,88,3.30,29,11,8,0,0,0.579,161,170,10,30,15,154,70,59,1.24
박세웅,롯데,1995-11-30,182,85,4.93,29,11,13,0,0,0.458,160 2/3,183,15,54,8,156,99,88,1.48
임찬규,LG,1992-11-20,185,80,3.03,27,11,7,0,0,0.611,160 1/3,163,9,40,6,107,61,54,1.27
하영민,키움,1995-05-07,183,74,4.99,28,7,14,0,0,0.333,153 1/3,169,13,41,9,134,90,85,1.37
양현종,KIA,1988-03-01,183,91,5.06,30,7,9,0,0,0.438,153,171,12,57,4,109,101,86,1.49
손주영,LG,1998-12-02,191,95,3.41,30,11,6,0,0,0.647,153,153,8,49,4,132,67,58,1.32
올러,KIA,1994-10-17,193,102,3.62,26,11,7,0,0,0.611,149,125,8,47,8,169,64,60,1.15
소형준,KT,2001-09-16,189,92,3.30,26,10,7,1,0,0.588,147 1/3,155,6,29,3,123,60,54,1.25
콜어빈,두산,,,,4.48,28,8,12,0,0,0.400,144 2/3,142,9,79,18,128,80,72,1.53
송승기,LG,2002-04-10,181,90,3.50,28,11,6,0,0,0.647,144,149,15,49,1,125,61,56,1.38
김광현,SSG,1988-07-22,188,88,5.00,28,10,10,0,0,0.500,144,164,13,50,4,138,86,80,1.49
류현진,한화,1987-03-25,190,113,3.23,26,9,7,0,0,0.563,139 1/3,144,12,25,4,122,54,50,1.21
나균안,롯데,1998-03-16,186,109,3.87,28,3,7,0,0,0.300,137 1/3,143,13,50,5,116,67,59,1.41
화이트,SSG,1994-12-28,190,95,2.87,24,11,4,0,0,0.733,134 2/3,111,9,44,8,137,51,43,1.15
오원석,KT,2001-04-23,182,80,3.67,25,11,8,0,0,0.579,132 1/3,130,10,52,4,113,60,54,1.38
신민혁,NC,1999-02-04,184,95,4.77,28,6,3,0,0,0.667,132,148,23,26,6,84,76,70,1.32
김도현,KIA,2000-09-15,183,87,4.81,24,4,7,0,0,0.364,125 1/3,149,11,33,10,71,79,67,1.45
최원태,삼성,1997-01-07,184,104,4.92,27,8,7,0,0,0.533,124 1/3,128,13,51,12,109,72,68,1.44
데이비슨,롯데,,,,3.65,22,10,5,0,0,0.667,123 1/3,123,10,48,5,119,53,50,1.39
문동주,한화,2003-12-23,188,97,4.02,24,11,5,0,0,0.688,121,112,7,31,3,135,57,54,1.18
알칸타라,키움,1992-12-04,193,100,3.27,19,8,4,0,0,0.667,121,125,11,10,4,92,50,44,1.12
최승용,두산,2001-05-11,190,87,4.41,23,5,7,0,0,0.417,116 1/3,121,8,36,6,71,60,57,1.35
곽빈,두산,1999-05-28,187,95,4.20,19,5,7,0,0,0.417,109 1/3,96,9,41,2,107,55,51,1.25
감보아,롯데,,,,3.58,19,7,8,0,0,0.467,108,97,6,49,4,117,54,43,1.35
최원준,두산,1994-12-21,182,91,4.71,47,4,7,0,9,0.364,107,105,18,38,4,62,59,56,1.34
문승원,SSG,1989-11-28,180,88,5.13,23,4,7,0,0,0.364,105 1/3,109,16,38,5,61,61,60,1.40
이승현,삼성,1991-11-20,181,92,6.31,42,2,1,0,11,0.667,35 2/3,43,9,11,1,29,26,25,1.51
쿠에바스,KT,,,,5.40,18,3,10,0,0,0.231,98 1/3,104,13,46,5,60,69,59,1.53
김윤하,키움,2005-03-07,185,90,6.14,19,0,12,0,0,0.000,88,113,16,44,3,52,76,60,1.78
이민석,롯데,2003-12-10,189,95,5.26,20,2,5,0,0,0.286,87 1/3,104,10,56,2,61,56,51,1.83
전사민,NC,1999-07-06,194,85,4.26,74,7,7,2,13,0.500,82 1/3,86,3,33,11,62,45,39,1.45
정현우,키움,2006-04-13,181,91,5.86,18,3,7,0,0,0.300,81 1/3,92,8,48,6,55,63,53,1.72
엄상백,한화,1996-10-04,187,72,6.58,28,2,7,0,1,0.222,80 2/3,106,13,38,8,74,60,59,1.79
노경은,SSG,1984-03-11,187,100,2.14,77,3,6,3,35,0.333,80,60,2,25,3,68,22,19,1.06
가라비토,삼성,,,,2.64,15,4,4,0,0,0.500,78 1/3,56,6,37,6,84,31,23,1.19
김선기,키움,1991-09-01,187,98,5.65,44,1,7,0,2,0.125,78,96,6,47,11,43,55,49,1.83
최민석,두산,2006-07-02,188,84,4.40,17,3,3,0,0,0.500,77 2/3,72,7,34,5,53,41,38,1.36
조영건,키움,1999-02-04,180,85,5.68,51,5,5,8,7,0.500,77 2/3,84,12,38,4,47,51,49,1.57
이로운,SSG,2004-09-11,185,105,1.99,75,6,5,1,33,0.545,77,56,7,26,0,66,19,17,1.06
로젠버그,키움,1995-07-09,186,90,3.23,13,4,4,0,0,0.500,75 1/3,63,5,25,4,80,33,27,1.17
김진호,NC,1998-06-07,183,90,3.36,76,4,3,6,20,0.571,72 1/3,53,5,45,9,70,30,27,1.35
김강현,롯데,1995-02-27,177,84,4.00,67,2,2,0,4,0.500,72,69,9,21,7,36,37,32,1.25
김진성,LG,1985-03-07,186,90,3.44,78,6,4,1,33,0.600,70 2/3,61,7,24,0,63,28,27,1.20
전상현,KIA,1996-04-18,180,88,3.34,74,7,5,1,25,0.583,70,64,4,20,2,50,30,26,1.20
정철원,롯데,1999-03-27,192,95,4.24,75,8,3,0,21,0.727,70,72,4,28,7,55,34,33,1.43
김녹원,NC,2003-05-17,182,88,6.56,21,3,4,0,1,0.429,70,75,10,47,3,37,53,51,1.74
박진,롯데,1999-04-02,182,106,5.32,51,3,3,1,3,0.500,69 1/3,76,10,22,1,50,42,41,1.41
박영현,KT,2003-10-11,183,91,3.39,67,5,6,35,1,0.455,69,68,9,34,2,77,31,26,1.48
조병현,SSG,2002-05-08,182,90,1.60,69,5,4,30,0,0.556,67 1/3,42,5,18,0,79,13,12,0.89
이영하,두산,1997-11-01,192,91,4.05,73,4,4,0,14,0.500,66 2/3,63,4,39,6,72,33,30,1.53
박상원,한화,1994-09-09,187,98,4.19,74,4,3,0,16,0.571,66 2/3,67,4,21,8,52,35,31,1.32
김태훈,삼성,1992-03-02,187,101,4.48,73,2,6,2,19,0.250,66 1/3,66,8,26,2,74,34,33,1.39
김택연,두산,2005-06-03,181,88,3.53,64,4,5,24,0,0.444,66 1/3,47,6,31,5,79,31,26,1.18
에르난데스,LG,,,,4.23,14,4,4,0,0,0.500,66,53,7,24,5,73,32,31,1.17
김건우,SSG,2002-07-12,186,88,3.82,35,5,4,0,2,0.556,66,53,2,49,7,68,31,28,1.55
김서현,한화,2004-05-31,188,86,3.14,69,2,4,33,2,0.333,66,52,4,31,8,71,23,23,1.26
류진욱,NC,1996-10-10,189,88,3.27,62,4,3,29,0,0.571,66,50,6,28,6,57,27,24,1.18
최민준,SSG,1999-06-11,178,83,3.97,40,2,2,0,1,0.500,65 2/3,72,6,24,3,44,34,29,1.46
이승민,삼성,2000-08-26,174,79,3.78,62,3,2,0,8,0.600,64 1/3,61,5,26,3,53,37,27,1.35
한승혁,한화,,,,2.25,71,3,3,3,16,0.500,64,56,4,23,7,53,18,16,1.23
김민,SSG,1999-04-14,185,88,2.97,70,5,2,1,22,0.714,63 2/3,60,7,17,6,65,23,21,1.21
김종수,한화,1994-06-03,180,88,3.25,63,4,5,0,5,0.444,63 2/3,57,5,36,4,59,30,23,1.46
송영진,SSG,,,,5.83,21,2,5,0,0,0.286,63 1/3,77,10,31,3,40,45,41,1.71
양창섭,삼성,1999-09-22,182,85,3.43,33,3,3,0,2,0.500,63,67,3,19,9,45,29,24,1.37
박치국,두산,1998-03-10,177,78,3.75,73,4,4,2,16,0.500,62 1/3,58,4,21,7,57,35,26,1.27
정해영,KIA,2001-08-23,189,98,3.79,60,3,7,27,0,0.300,61 2/3,75,4,18,3,72,30,26,1.51
패트릭,KT,,,,3.12,15,3,3,0,2,0.500,60 2/3,63,2,21,2,45,26,21,1.38
김원중,롯데,1993-06-14,192,96,2.67,53,4,3,32,0,0.571,60 2/3,58,4,33,2,69,21,18,1.50
배재환,NC,1995-02-24,186,95,4.48,70,2,4,2,24,0.333,60 1/3,48,3,37,11,51,36,30,1.41
조상우,KIA,1994-09-04,186,97,3.90,72,6,6,1,28,0.500,60,64,5,27,6,55,29,26,1.52
김영우,LG,2005-01-14,185,90,2.40,66,3,2,1,7,0.600,60,49,2,30,3,56,17,16,1.32
박신지,두산,1999-07-16,185,75,2.85,54,2,4,0,5,0.333,60,55,3,29,5,36,24,19,1.40
조동욱,한화,2004-11-02,190,82,4.05,68,3,3,2,5,0.500,60,77,4,29,4,43,29,27,1.77
손동현,KT,2001-01-23,183,88,3.84,58,5,0,1,13,1.000,58 2/3,66,6,12,3,55,30,25,1.33
오석주,키움,1998-04-14,180,74,3.70,53,2,1,0,7,0.667,58 1/3,52,4,29,7,44,24,24,1.39
목지훈,NC,2004-05-11,181,83,6.05,16,3,5,0,0,0.375,58,68,6,42,5,45,42,39,1.90
김재윤,삼성,1990-09-16,185,91,4.99,63,4,7,13,3,0.364,57 2/3,57,10,13,1,43,34,32,1.21
원상현,KT,2004-10-16,183,83,5.21,52,0,3,0,14,0.000,57,56,8,35,1,45,35,33,1.60
황준서,한화,2005-08-22,185,78,5.30,23,2,8,0,0,0.200,56,54,7,26,2,57,37,33,1.43
이호성,삼성,2004-08-14,184,87,6.34,58,7,4,9,3,0.636,55 1/3,54,7,29,2,69,44,39,1.50
최준용,롯데,2001-10-10,185,85,5.30,49,4,4,1,17,0.500,54 1/3,50,5,16,6,62,35,32,1.21
원종현,키움,1987-07-31,182,88,6.13,61,2,4,5,11,0.333,54 1/3,68,5,18,3,40,42,37,1.58
정우주,한화,2006-11-07,184,88,2.85,51,3,0,0,3,1.000,53 2/3,34,6,21,10,82,18,17,1.02
최지민,KIA,2003-09-10,185,100,6.58,66,2,4,0,9,0.333,53 1/3,46,5,51,4,39,40,39,1.82
김민수,KT,1992-07-24,188,80,4.96,58,4,3,0,11,0.571,52 2/3,63,5,15,1,36,31,29,1.48
전영준,SSG,2002-04-16,190,100,4.61,34,1,5,0,0,0.167,52 2/3,48,5,26,5,55,28,27,1.41
성영탁,KIA,2004-07-28,180,89,1.55,45,3,2,0,7,0.600,52 1/3,38,2,13,0,30,11,9,0.97
박시후,SSG,2001-05-10,182,88,3.27,52,6,2,0,3,0.750,52 1/3,45,5,29,5,34,24,19,1.41
박주성,키움,2000-11-09,181,90,6.58,18,2,3,0,1,0.400,52,63,9,16,3,26,40,38,1.52
손주환,NC,2002-01-05,177,85,4.35,52,6,1,0,7,0.857,51 2/3,53,5,19,1,37,29,25,1.39
김연주,키움,2004-02-27,175,75,6.62,20,1,3,0,0,0.250,51 2/3,67,10,25,6,28,40,38,1.78
박윤성,키움,2004-02-08,183,96,4.53,54,0,5,1,6,0.000,51 2/3,55,9,19,1,40,31,26,1.43
배찬승,삼성,2006-01-01,180,85,3.91,65,2,3,0,19,0.400,50 2/3,50,3,34,2,57,25,22,1.66
윤영철,KIA,2004-04-20,187,87,5.58,13,2,7,0,0,0.222,50,52,4,30,1,43,37,31,1.64
레예스,삼성,,,,4.14,10,4,3,0,0,0.571,50,51,5,12,3,35,26,23,1.26
장현식,LG,1995-02-24,181,91,4.35,56,3,3,10,5,0.500,49 2/3,65,4,21,5,38,27,24,1.73
김범수,한화,,,,2.25,73,2,1,2,6,0.667,48,30,0,22,4,41,17,12,1.08
정현수,롯데,2001-05-10,180,84,3.97,82,2,0,0,12,1.000,47 2/3,34,4,26,2,47,23,21,1.26
최성영,NC,1997-04-28,180,85,6.23,35,2,2,0,4,0.500,47 2/3,62,6,28,3,33,33,33,1.89
이지강,LG,1999-07-02,183,85,5.32,43,1,2,3,4,0.333,47 1/3,50,4,24,1,39,29,28,1.56
메르세데스,키움,,,,4.47,8,3,3,0,0,0.500,46 1/3,54,5,9,0,41,24,23,1.36
김건국,KIA,1988-02-02,183,86,6.85,26,0,3,0,1,0.000,46,59,11,17,5,31,38,35,1.65
반즈,롯데,,,,5.32,8,3,4,0,0,0.429,45 2/3,47,4,17,2,38,31,27,1.40
우규민,KT,1985-01-21,184,75,2.44,53,1,2,0,9,0.333,44 1/3,45,2,3,4,24,12,12,1.08
톨허스트,LG,1999-09-13,193,86,2.86,8,6,2,0,0,0.750,44,39,2,16,2,45,15,14,1.25
김영규,NC,2000-02-10,188,86,2.86,45,4,3,0,21,0.571,44,40,3,18,3,35,17,14,1.32
주승우,키움,,,,2.45,42,2,2,16,5,0.500,44,35,7,17,2,35,13,12,1.18
이상동,KT,1995-11-24,181,88,2.49,41,3,0,0,5,1.000,43 1/3,31,4,9,2,34,12,12,0.92
주현상,한화,1992-08-10,177,92,5.18,48,5,2,1,3,0.714,41 2/3,59,8,10,3,37,25,24,1.66
유영찬,LG,1997-03-07,185,90,2.63,39,2,2,21,1,0.500,41,31,2,23,3,52,14,12,1.32
주권,KT,1995-05-31,181,82,4.43,34,0,1,0,0,0.000,40 2/3,48,3,13,0,19,23,20,1.50
이의리,KIA,2002-06-16,185,90,7.94,10,1,4,0,0,0.200,39 2/3,41,6,31,3,42,37,35,1.82
박명근,LG,,,,4.89,44,3,4,4,10,0.429,38 2/3,36,5,16,5,30,21,21,1.34
윤석원,키움,2003-07-04,185,81,5.54,37,1,1,0,8,0.500,37 1/3,41,3,12,2,27,23,23,1.42
이준혁,NC,2003-06-30,184,87,7.30,25,1,3,0,0,0.250,37,43,8,20,6,30,33,30,1.70
김태혁,롯데,1988-01-02,180,88,6.38,45,0,1,2,3,0.000,36 2/3,48,4,18,3,27,26,26,1.80
한두솔,SSG,1997-01-15,177,86,4.95,44,2,0,1,3,1.000,36 1/3,46,1,19,1,27,22,20,1.79
황동하,KIA,,,,5.30,18,1,2,0,0,0.333,35 2/3,38,4,10,3,31,21,21,1.35
벨라스케즈,롯데,,,,8.23,11,1,4,0,0,0.200,35,47,7,18,3,28,32,32,1.86
이준영,KIA,1992-08-10,177,85,4.76,57,3,1,0,7,0.750,34,36,6,11,1,34,18,18,1.38
이정용,LG,1996-03-26,186,85,5.03,39,6,1,1,7,0.857,34,32,3,12,2,26,19,19,1.29
한재승,KIA,2001-11-21,180,90,6.48,36,1,1,1,1,0.500,33 1/3,40,5,31,1,35,29,24,2.13
홍민규,두산,,,,4.59,20,2,1,1,0,0.667,33 1/3,37,4,15,1,17,19,17,1.56
최지강,두산,2001-07-23,180,88,6.34,39,2,5,0,5,0.286,32 2/3,41,3,13,2,38,25,23,1.65
백정현,삼성,1987-07-13,184,80,1.95,29,2,0,1,3,1.000,32 1/3,19,1,7,2,31,7,7,0.80
홍민기,롯데,,,,3.09,25,0,2,0,3,0.000,32,24,0,11,2,39,13,11,1.09
백승현,LG,1995-05-26,183,90,3.90,33,1,0,0,2,1.000,30,28,2,28,1,27,13,13,1.87
최지명,LG,1995-01-22,186,97,5.28,13,0,1,0,2,0.000,29,35,3,14,1,21,17,17,1.69
육선엽,삼성,2005-07-13,190,90,5.34,27,0,1,0,1,0.000,28 2/3,23,4,24,0,19,21,17,1.64
문용익,KT,1995-02-04,178,93,3.14,20,1,0,0,0,1.000,28 2/3,21,3,19,0,31,11,10,1.40
김기훈,KIA,2000-01-03,184,93,3.25,24,1,1,0,0,0.500,27 2/3,25,2,10,1,27,11,10,1.27
함덕주,LG,1995-01-13,181,78,6.00,31,2,3,0,1,0.400,27,14,1,18,0,26,19,18,1.19
배제성,KT,1996-09-29,189,85,5.67,8,2,3,0,0,0.400,27,38,2,11,0,23,17,17,1.81
김진욱,롯데,2002-07-05,185,90,10.00,14,1,3,0,0,0.250,27,42,10,16,2,24,32,30,2.15
송재영,롯데,2002-06-20,181,84,4.00,46,1,0,0,3,1.000,27,19,3,24,0,28,13,12,1.59
윤성빈,롯데,1999-02-26,197,90,7.67,31,1,2,0,0,0.333,27,26,3,20,4,44,23,23,1.70
박정수,두산,1996-01-29,178,74,4.10,29,1,0,0,3,1.000,26 1/3,31,1,8,4,15,13,12,1.48
김시훈,KIA,1999-02-24,188,95,8.06,24,1,0,0,1,1.000,25 2/3,33,7,10,0,18,25,23,1.68
김재열,NC,1996-01-02,183,97,6.23,22,0,0,0,2,-,21 2/3,32,5,16,1,16,16,15,2.22
윤현,키움,,,,8.59,17,2,1,0,0,0.667,22,31,2,23,5,15,28,21,2.45
김택형,SSG,1996-10-10,185,90,2.78,25,0,0,0,1,-,22 2/3,19,0,10,3,14,7,7,1.28
코엔 윈,LG,,,,7.04,5,1,1,0,0,0.500,23,28,4,4,5,8,19,18,1.39
박정훈,키움,2006-03-23,192,103,7.43,16,0,1,1,0,0.000,23,24,1,20,4,7,24,19,1.91
이준우,키움,2001-03-02,183,93,8.61,31,1,4,0,3,0.200,23,37,6,12,1,22,23,22,2.13
양재훈,두산,2003-05-01,186,89,4.24,19,0,0,1,0,-,23 1/3,19,3,8,0,19,11,11,1.16
김태형,KIA,2006-12-15,184,95,4.56,8,0,3,0,0,0.000,23 2/3,25,4,7,5,14,12,12,1.35
박기호,SSG,2005-07-26,184,80,3.00,18,0,0,0,2,-,24,23,3,12,8,13,10,8,1.46
이강준,키움,,,,6.57,29,0,3,0,2,0.000,24 2/3,29,3,17,2,26,22,18,1.86
김성민,키움,1994-04-26,181,90,4.68,29,0,3,0,1,0.000,25,25,1,13,5,18,15,13,1.52
김주온,LG,1996-12-08,187,89,27.00,1,0,1,0,0,0.000,1/3,0,0,2,2,1,1,1,6.00
데이비슨,NC,,,,0.00,1,0,0,0,0,-,1/3,0,0,0,0,0,0,0,0.00
김대우,삼성,,,,0.00,2,0,0,0,1,-,2/3,1,0,0,0,0,0,0,1.50
김성민,SSG,2001-04-30,185,97,0.00,2,1,0,0,0,1.000,2/3,0,0,2,0,0,0,0,3.00
김정엽,KIA,2006-04-18,185,96,18.00,2,0,0,0,0,-,1,0,0,1,1,0,2,2,1.00
유지성,KIA,2000-11-15,189,94,0.00,1,0,0,0,0,-,1,0,0,0,0,0,0,0,0.00
이상민,삼성,,,,0.00,1,0,0,0,0,-,1,2,0,0,0,1,0,0,2.00
정민성,삼성,2005-05-09,184,98,36.00,1,0,1,0,0,0.000,1,3,0,0,2,0,4,4,3.00
최성훈,삼성,,,,9.00,2,0,0,0,0,-,1,1,0,1,0,1,1,1,2.00
강백호,KT,,,,18.00,1,0,0,0,0,-,1,3,1,1,0,1,2,2,4.00
신지환,SSG,2006-04-17,180,81,0.00,1,0,0,0,0,-,1,0,0,0,1,1,0,0,0.00
도태훈,NC,1993-03-18,184,85,9.00,1,0,0,0,0,-,1,3,1,0,0,1,1,1,3.00
임상현,NC,,,,18.00,1,0,0,0,0,-,1,2,0,3,0,0,2,2,5.00
박시원,LG,2006-04-12,193,93,13.50,2,0,0,0,0,-,1 1/3,0,0,5,0,0,2,2,3.75
서진용,SSG,1992-10-02,184,88,6.75,2,0,0,0,0,-,1 1/3,1,0,3,0,0,1,1,3.00
홍원빈,KIA,,,,27.00,2,0,0,0,0,-,1 2/3,2,0,4,0,1,5,5,3.60
최충연,삼성,,,,37.80,4,0,0,0,0,-,1 2/3,7,1,2,1,1,8,7,5.40
김종운,LG,,,,5.40,2,0,0,0,0,-,1 2/3,2,2,0,0,2,3,1,1.20
이종준,LG,2001-03-09,191,93,0.00,2,0,0,0,0,-,1 2/3,0,0,1,0,2,0,0,0.60
최종인,두산,2001-05-01,185,84,5.40,3,0,0,0,0,-,1 2/3,1,0,3,0,5,1,1,2.40
한차현,KT,1998-11-30,180,80,16.20,2,0,0,0,0,-,1 2/3,4,0,2,0,1,3,3,3.60
원종혁,한화,2005-08-27,184,92,16.20,2,0,0,0,0,-,1 2/3,3,1,2,0,1,3,3,3.00
김민재,KIA,,,,0.00,1,0,0,0,0,-,2,2,0,0,0,1,0,0,1.00
유승철,KIA,1998-03-02,184,87,4.50,1,0,0,0,0,-,2,3,0,2,0,3,1,1,2.50
홍원표,삼성,,,,4.50,2,0,1,0,0,0.000,2,3,0,2,1,1,1,1,2.50
김한중,두산,2004-11-03,183,89,0.00,2,0,0,0,0,-,2,1,0,0,0,0,1,0,0.50
김태현,롯데,,,,4.50,1,0,0,0,0,-,2,1,0,4,0,2,2,1,2.50
이영재,롯데,2006-10-20,180,71,9.00,3,0,0,0,0,-,2,5,1,0,1,2,2,2,2.50
정성종,롯데,1995-11-16,181,93,3.86,2,0,0,0,0,-,2 1/3,3,1,0,0,0,1,1,1.29
이성원,KIA,2006-05-18,184,90,16.88,4,0,0,0,0,-,2 2/3,3,0,4,3,3,7,5,2.63
정우영,LG,1999-08-19,193,99,20.25,4,0,0,0,0,-,2 2/3,1,1,4,1,3,6,6,1.88
김승일,한화,2001-07-07,183,85,23.63,5,0,0,0,0,-,2 2/3,3,1,3,3,3,7,7,2.25
정세영,키움,2006-09-23,177,82,16.88,4,0,1,0,0,0.000,2 2/3,9,0,4,0,2,6,5,4.88
김민주,KIA,,,,12.00,3,0,0,0,0,-,3,4,0,2,2,2,4,4,2.00
장재혁,KIA,2001-08-02,180,86,6.00,3,0,0,0,0,-,3,3,1,3,0,2,2,2,2.00
심재민,롯데,,,,3.00,4,1,0,0,0,1.000,3,5,0,1,0,2,2,1,2.00
김태현,NC,1998-03-21,188,95,12.00,5,0,0,0,1,-,3,5,2,3,2,2,4,4,2.67
손현기,키움,,,,15.00,2,0,0,0,0,-,3,4,1,6,1,1,5,5,3.33
양현,삼성,1992-08-23,189,104,0.00,4,0,0,0,0,-,3 1/3,2,0,3,0,1,0,0,1.50
김동현,KT,2006-01-21,193,97,13.50,3,0,0,0,0,-,3 1/3,7,2,3,0,4,5,5,3.00
정우준,롯데,2000-03-17,180,82,5.40,3,0,0,0,0,-,3 1/3,6,0,0,1,3,2,2,1.80
강건,KT,2004-07-12,183,85,24.55,2,0,1,0,0,0.000,3 2/3,7,1,7,1,1,10,10,3.82
박세현,롯데,2006-01-21,183,88,14.73,3,0,0,0,0,-,3 2/3,8,1,1,1,4,6,6,2.45
임진묵,키움,2006-04-23,181,85,24.55,4,0,0,0,0,-,3 2/3,10,0,5,1,3,11,10,4.09
곽도규,KIA,2004-04-12,185,90,13.50,9,0,0,0,3,-,4,3,0,6,2,5,6,6,2.25
강재민,한화,1997-04-03,180,89,9.00,4,0,0,0,0,-,4,6,1,2,1,5,4,4,2.00
손힘찬,키움,,,,11.25,4,0,0,0,0,-,4,5,0,4,1,4,5,5,2.25
김유영,LG,1994-05-02,180,83,12.46,6,0,0,0,0,-,4 1/3,8,0,4,1,5,6,6,2.77
김재원,KT,,,,10.38,4,0,0,0,0,-,4 1/3,3,0,8,1,4,5,5,2.54
이정현,KT,1997-12-05,188,93,16.62,6,0,0,0,0,-,4 1/3,9,0,4,1,3,8,8,3.00
김민규,NC,,,,7.71,7,0,0,0,1,-,4 2/3,5,0,4,0,2,4,4,1.93
임지민,NC,2003-10-11,185,82,3.86,7,0,1,0,1,0.000,4 2/3,1,0,5,0,7,2,2,1.29
김진수,LG,1998-08-31,179,82,9.00,4,0,0,0,0,-,5,11,2,1,0,6,5,5,2.40
박준영,한화,2003-03-02,190,103,3.60,1,0,0,0,0,-,5,3,0,6,0,3,2,2,1.80
박진형,롯데,,,,8.44,7,0,0,0,0,-,5 1/3,9,1,3,0,5,7,5,2.25
권민규,한화,2006-05-13,188,90,8.44,5,0,0,0,0,-,5 1/3,5,1,7,0,4,5,5,2.25
하준영,NC,1999-09-06,182,79,6.75,10,1,1,0,1,0.500,5 1/3,10,0,7,0,5,4,4,3.19
김서준,키움,2006-12-22,187,83,20.25,4,0,0,0,0,-,5 1/3,14,2,5,0,4,12,12,3.56
송은범,삼성,,,,4.50,5,0,0,0,0,-,6,9,0,3,0,2,3,3,2.00
박건우,KT,2006-11-28,182,95,2.70,6,0,0,0,0,-,6 2/3,4,1,4,0,9,2,2,1.20
이재익,삼성,1994-03-18,180,76,1.23,7,1,0,0,0,1.000,7 1/3,8,0,2,0,6,1,1,1.36
박시영,롯데,1989-03-10,181,92,11.05,11,1,0,0,0,1.000,7 1/3,9,0,9,2,10,9,9,2.45
이교훈,두산,,,,1.17,10,1,0,0,0,1.000,7 2/3,4,0,4,1,7,2,1,1.04
소이현,NC,1999-02-09,185,93,5.63,7,0,0,0,0,-,8,5,0,7,1,3,5,5,1.50
김동규,키움,2004-07-09,194,100,6.75,9,0,0,0,0,-,8,13,2,11,0,10,11,6,3.00
김대유,KIA,1991-05-08,187,92,9.72,15,0,1,0,1,0.000,8 1/3,12,1,4,0,3,9,9,1.92
김명신,두산,1993-11-29,178,90,5.40,8,0,0,0,0,-,8 1/3,13,0,3,1,6,8,5,1.92
임준형,KT,2000-11-16,180,82,5.19,10,0,0,0,0,-,8 2/3,11,0,7,1,6,7,5,2.08
한현희,롯데,,,,6.23,3,0,0,0,1,-,8 2/3,13,2,2,1,8,6,6,1.73
임기영,KIA,,,,13.00,10,1,1,0,0,0.500,9,23,2,4,0,5,13,13,3.00
오승환,삼성,,,,8.00,12,0,0,0,0,-,9,15,1,3,0,7,8,8,2.00
이재희,삼성,2001-10-11,187,88,3.00,11,0,2,0,4,0.000,9,7,0,5,0,9,3,3,1.33
성동현,LG,1999-05-18,189,108,9.00,12,0,0,0,0,-,9,10,2,9,0,6,9,9,2.11
최용준,KT,,,,2.00,7,1,0,0,0,1.000,9,13,0,2,0,5,2,2,1.67
구승민,롯데,1990-06-12,182,86,7.00,11,0,1,0,1,0.000,9,9,1,7,1,10,10,7,1.78
이상규,한화,1996-10-20,185,77,8.00,5,0,1,0,0,0.000,9,16,0,4,0,5,9,8,2.22
우강훈,LG,2002-10-03,183,88,4.66,11,0,0,0,0,-,9 2/3,12,0,6,2,5,5,5,1.86
김민규,두산,1999-05-07,183,90,4.66,7,1,1,0,0,0.500,9 2/3,9,1,6,4,6,5,5,1.55
이형범,KIA,,,,11.70,12,0,0,0,0,-,10,21,0,5,0,6,16,13,2.60
윤중현,KIA,1995-04-25,180,84,4.35,13,1,0,0,0,1.000,10 1/3,10,2,7,0,7,5,5,1.65
김호준,두산,1998-05-17,180,82,6.75,19,0,1,0,1,0.000,10 2/3,14,2,7,0,7,11,8,1.97
김태경,NC,2001-04-07,188,95,10.64,6,0,0,0,1,-,11,18,4,9,2,10,20,13,2.45
이태양,한화,,,,3.97,14,0,1,0,0,0.000,11 1/3,14,0,5,1,8,5,5,1.68
이채호,KT,1998-11-23,185,85,6.17,10,0,0,0,0,-,11 2/3,12,1,5,2,8,8,8,1.46
조이현,KT,1995-06-27,185,95,5.40,3,1,2,0,0,0.333,11 2/3,17,2,0,1,3,7,7,1.46
김강률,LG,1988-08-28,187,95,1.46,12,1,0,1,4,1.000,12 1/3,7,0,8,1,9,2,2,1.22
박준우,롯데,2005-05-27,190,94,8.03,11,1,2,0,1,0.333,12 1/3,21,0,6,1,11,11,11,2.19
이도현,KIA,2005-01-07,188,90,6.92,6,1,1,0,0,0.500,13,17,1,8,1,9,11,10,1.92
임창민,삼성,,,,4.85,16,1,0,0,2,1.000,13,17,5,7,1,6,8,7,1.85
배재준,LG,1994-11-24,188,85,5.54,14,0,0,0,1,-,13,9,1,7,1,14,8,8,1.23
이병헌,두산,2003-06-04,183,95,6.23,22,0,0,0,4,-,13,11,1,10,0,9,9,9,1.62
조민석,NC,1998-12-21,180,81,6.92,6,0,1,0,0,0.000,13,12,3,11,2,4,10,10,1.77
전용주,KT,2000-02-12,188,87,3.95,21,0,1,0,4,0.000,13 2/3,18,0,7,0,11,8,6,1.83
양지율,키움,,,,8.36,18,0,2,0,1,0.000,14,18,3,7,3,10,13,13,1.79
구창모,NC,1997-02-17,183,85,2.51,4,1,0,0,0,1.000,14 1/3,14,1,3,0,18,4,4,1.19
신영우,NC,2004-04-21,182,84,7.53,8,1,3,0,0,0.250,14 1/3,8,2,16,3,19,13,12,1.67
최우석,NC,2005-03-31,190,90,8.16,12,0,0,0,0,-,14 1/3,23,1,9,0,15,16,13,2.23
이호민,KIA,,,,8.59,13,1,0,0,0,1.000,14 2/3,21,0,9,2,7,14,14,2.05
김기중,한화,2002-11-16,186,96,3.07,5,0,1,0,0,0.000,14 2/3,16,0,6,1,8,5,5,1.50
이용찬,NC,,,,10.57,12,1,2,0,1,0.333,15 1/3,23,1,12,4,14,18,18,2.28
최준호,두산,2004-06-03,188,90,8.44,9,1,2,0,0,0.333,16,18,4,9,2,11,15,15,1.69
홍건희,두산,,,,6.19,20,2,1,0,0,0.667,16,18,2,15,0,15,13,11,2.06
제환유,두산,2000-09-30,183,76,4.96,6,0,1,0,0,0.000,16 1/3,17,2,12,1,8,10,9,1.78
윤산흠,한화,1999-05-15,178,74,3.78,12,0,0,0,0,-,16 2/3,16,1,5,3,17,7,7,1.26
김유성,두산,2002-01-01,190,98,8.83,7,0,2,0,0,0.000,17 1/3,17,3,14,4,22,17,17,1.79
윤태호,두산,2003-10-10,190,88,6.75,10,0,1,0,1,0.000,17 1/3,16,2,5,0,16,14,13,1.21
정동윤,SSG,1997-10-22,193,103,8.31,12,0,0,0,0,-,17 1/3,21,2,12,0,17,16,16,1.90
최현석,SSG,,,,6.23,13,0,0,0,0,-,17 1/3,21,5,6,2,11,13,12,1.56
김현수,KIA,2000-07-10,185,90,2.45,18,0,0,0,0,-,18 1/3,17,2,13,1,11,5,5,1.64
최동환,KT,1989-09-19,184,83,8.68,20,1,1,0,0,0.500,18 2/3,27,4,12,1,9,19,18,2.09
임정호,NC,1990-04-16,188,90,4.82,31,1,1,0,4,0.500,18 2/3,18,3,9,4,15,13,10,1.45
이우찬,LG,1992-08-04,185,97,1.89,23,0,1,0,0,0.000,19,13,0,14,1,20,6,4,1.42
박종훈,SSG,1991-08-13,186,90,7.11,5,0,2,0,0,0.000,19,15,4,18,5,10,17,15,1.74
김태훈,NC,2006-10-26,188,88,5.21,18,0,0,0,0,-,19,17,4,16,1,9,15,11,1.74
웰스,키움,,,,3.15,4,1,1,0,0,0.500,20,18,0,6,1,16,8,7,1.20
전준표,키움,2005-05-07,186,90,8.85,21,2,2,0,1,0.500,20 1/3,33,2,19,3,15,22,20,2.56
황동재,삼성,,,,6.97,15,0,1,0,0,0.000,20 2/3,27,1,14,2,22,16,16,1.98
김대호,삼성,,,,5.14,11,0,1,0,0,0.000,21,25,3,15,1,19,13,12,1.90
고효준,두산,,,,6.86,45,2,1,0,9,0.667,21,29,4,14,1,19,16,16,2.05
김정우,두산,1999-05-15,183,87,3.86,18,0,0,1,1,-,21,26,1,9,3,13,12,9,1.67
