연도,순위,영화명,그해관객,그해말누적,개봉일
2004,1,태극기 휘날리며,2542870,2542870,2004-02-05
2004,2,트로이,1974402,1974402,2004-05-21
2004,3,내 머리 속의 지우개,1878294,1878294,2004-11-05
2004,4,귀신이 산다,1870319,1870319,2004-09-17
2004,5,투모로우,1817828,1817828,2004-06-03
2004,6,우리 형,1772880,1772880,2004-10-08
2004,7,실미도,1708985,1708985,2003-12-24
2004,8,해리포터와 아즈카반의 죄수,1691488,1691488,2004-07-16
2004,9,슈렉2,1647892,1647892,2004-06-18
2004,10,스파이더맨 2,1490256,1490256,2004-06-30
2005,1,웰컴 투 동막골,6413223,6413223,2005-08-04
2005,2,가문의 위기,4508292,4508292,2005-09-07
2005,3,말아톤,4155296,4155296,2005-01-27
2005,4,해리 포터와 불의 잔,3334125,3334125,2005-12-01
2005,5,아일랜드,3197261,3197261,2005-07-21
2005,6,태풍,3172556,3172556,2005-12-14
2005,7,공공의 적 2,3123600,3123600,2005-01-27
2005,8,친절한 금자씨,3079279,3079279,2005-07-29
2005,9,미스터 & 미세스 스미스,2957303,2957303,2005-06-16
2005,10,너는 내 운명,2659825,2659825,2005-09-23
2006,1,괴물,10892305,10892305,2006-07-27
2006,2,왕의 남자,9481771,10489308,2005-12-29
2006,3,타짜,5577385,5577385,2006-09-28
2006,4,미션 임파서블 3,5119669,5119669,2006-05-03
2006,5,투사부일체,4997745,4997745,2006-01-19
2006,6,캐리비안의 해적 : 망자의 함,3898341,3898341,2006-07-06
2006,7,한반도,3296716,3296716,2006-07-13
2006,8,미녀는 괴로워,3219277,3219277,2006-12-14
2006,9,다빈치 코드,2993922,2993922,2006-05-18
2006,10,가문의 부활 - 가문의 영광3,2588560,2588560,2006-09-21
2007,1,디워,7854274,7854274,2007-08-01
2007,2,트랜스포머,7346198,7346198,2007-06-28
2007,3,화려한 휴가,6845718,6845718,2007-07-25
2007,4,스파이더맨 3,4579910,4579910,2007-05-01
2007,5,캐리비안의 해적: 세상의 끝에서,4562802,4562802,2007-05-23
2007,6,해리 포터와 불사조 기사단,3656865,3656865,2007-07-11
2007,7,다이 하드 4 : 죽어도 산다,3139500,3139500,2007-07-17
2007,8,식객,2958352,2958352,2007-11-01
2007,9,그놈 목소리,2911117,2911117,2007-02-01
2007,10,300,2897382,2897382,2007-03-14
2008,1,"좋은 놈, 나쁜 놈, 이상한 놈 ",6676132,6676132,2008-07-17
2008,2,과속스캔들,5118435,5118435,2008-12-03
2008,3,추격자,5033022,5033022,2008-02-14
2008,4,쿵푸 팬더,4643518,4643518,2008-06-05
2008,5,맘마미아!,4504067,4504067,2008-09-03
2008,6,강철중: 공공의 적 1-1,4310578,4310578,2008-06-19
2008,7,아이언맨,4283819,4283819,2008-04-30
2008,8,인디아나 존스 4 : 크리스탈 해골의 왕국,4096532,4096532,2008-05-22
2008,9,다크 나이트,4016570,4016570,2008-08-06
2008,10,미이라 3:황제의 무덤,3998989,3998989,2008-07-30
2009,1,해운대,11276049,11276049,2009-07-22
2009,2,국가대표,8002297,8002297,2009-07-29
2009,3,트랜스포머: 패자의 역습,7387680,7387680,2009-06-24
2009,4,아바타,6638862,6638862,2009-12-17
2009,5,2012,5386352,5386352,2009-11-12
2009,6,터미네이터 : 미래전쟁의 시작,4486511,4486511,2009-05-21
2009,7,7급 공무원,4002500,4002500,2009-04-22
2009,8,전우치,3465823,3465823,2009-12-23
2009,9,과속스캔들,3080780,8199215,2008-12-03
2009,10,거북이 달린다,3017903,3017903,2009-06-11
2010,1,아바타,6596777,13235639,2009-12-17
2010,2,아저씨,6159376,6159376,2010-08-04
2010,3,인셉션,5806397,5806397,2010-07-21
2010,4,의형제,5405194,5405194,2010-02-04
2010,5,아이언맨 2,4400089,4400089,2010-04-29
2010,6,이끼,3335242,3335242,2010-07-14
2010,7,포화속으로,3307797,3307797,2010-06-16
2010,8,하모니,3004402,3004402,2010-01-28
2010,9,방자전,2974675,2974675,2010-06-02
2010,10,솔트,2841792,2841792,2010-07-29
2011,1,트랜스포머 3,7768284,7768284,2011-06-29
2011,2,최종병기 활,7463056,7463056,2011-08-10
2011,3,써니,7318389,7318389,2011-05-04
2011,4,미션임파서블:고스트프로토콜,5328435,5328435,2011-12-15
2011,5,완득이,5296320,5296320,2011-10-20
2011,6,쿵푸팬더 2,5057595,5057595,2011-05-26
2011,7,조선명탐정 : 각시투구꽃의 비밀,4766907,4766907,2011-01-27
2011,8,도가니,4636595,4636595,2011-09-22
2011,9,해리 포터와 죽음의 성물2,4358195,4358195,2011-07-13
2011,10,리얼 스틸,3566300,3566300,2011-10-12
2012,1,도둑들,12979237,12979237,2012-07-25
2012,2,"광해, 왕이 된 남자",12274154,12274154,2012-09-13
2012,3,어벤져스,7052995,7052995,2012-04-26
2012,4,늑대소년,6627275,6627275,2012-10-31
2012,5,다크 나이트 라이즈,6359407,6359407,2012-07-19
2012,6,바람과 함께 사라지다,4898495,4898495,2012-08-08
2012,7,어메이징 스파이더맨,4845970,4845970,2012-06-28
2012,8,범죄와의 전쟁: 나쁜놈들 전성시대,4682529,4682529,2012-02-02
2012,9,내 아내의 모든 것,4578886,4578886,2012-05-17
2012,10,연가시,4499856,4499856,2012-07-05
2013,1,7번방의 선물,12786081,12786081,2013-01-23
2013,2,설국열차,9321959,9321959,2013-08-01
2013,3,관상,9121108,9121108,2013-09-11
2013,4,아이언맨 3,8968799,8968799,2013-04-25
2013,5,변호인,7859155,7859155,2013-12-18
2013,6,베를린,7146760,7146760,2013-01-30
2013,7,은밀하게 위대하게,6950740,6950740,2013-06-05
2013,8,숨바꼭질,5581942,5581942,2013-08-14
2013,9,더 테러 라이브,5580701,5580701,2013-07-31
2013,10,감시자들,5500389,5500389,2013-07-03
2014,1,명량,17597914,17597914,2014-07-30
2014,2,겨울왕국,10283825,10283825,2014-01-16
2014,3,인터스텔라,10175922,10175922,2014-11-06
2014,4,수상한 그녀,8642334,8642334,2014-01-22
2014,5,해적: 바다로 간 산적,8625574,8625574,2014-08-06
2014,6,국제시장,7752903,7752903,2014-12-17
2014,7,트랜스포머: 사라진 시대,5286024,5286024,2014-06-25
2014,8,군도: 민란의 시대,4741281,4741281,2014-07-23
2014,9,엣지 오브 투모로우,4678236,4678236,2014-06-04
2014,10,"님아, 그 강을 건너지 마오",4367049,4367049,2014-11-27
2015,1,베테랑,13397762,13397762,2015-08-05
2015,2,암살,12679383,12679383,2015-07-22
2015,3,어벤져스: 에이지 오브 울트론,10469221,10469221,2015-04-23
2015,4,내부자들,7068121,7068121,2015-11-19
2015,5,국제시장,6445787,14198690,2014-12-17
2015,6,히말라야,6378031,6378031,2015-12-16
2015,7,사도,6229050,6229050,2015-09-16
2015,8,킹스맨 : 시크릿 에이전트,6126021,6126021,2015-02-11
2015,9,미션 임파서블: 로그네이션,6117472,6117472,2015-07-30
2015,10,연평해전,6036988,6036988,2015-06-24
2016,1,부산행,11531866,11531866,2016-07-20
2016,2,검사외전,9664799,9664799,2016-02-03
2016,3,캡틴 아메리카: 시빌 워,8650500,8650500,2016-04-27
2016,4,밀정,7458824,7458824,2016-09-07
2016,5,터널,7076050,7076050,2016-08-10
2016,6,인천상륙작전,7033357,7033357,2016-07-27
2016,7,럭키,6969184,6969184,2016-10-13
2016,8,곡성,6853336,6853336,2016-05-12
2016,9,덕혜옹주,5568667,5568667,2016-08-03
2016,10,마스터,5441619,5441619,2016-12-21
2017,1,택시운전사,12176753,12176753,2017-08-02
2017,2,신과함께-죄와 벌,8539495,8539495,2017-12-20
2017,3,공조,7796328,7796328,2017-01-18
2017,4,스파이더맨: 홈 커밍,7240766,7240766,2017-07-05
2017,5,범죄도시,6861910,6861910,2017-10-03
2017,6,군함도,6554420,6554420,2017-07-26
2017,7,청년경찰,5638636,5638636,2017-08-09
2017,8,더 킹,5271641,5271641,2017-01-18
2017,9,미녀와 야수,5132304,5132304,2017-03-16
2017,10,킹스맨: 골든 서클,4922079,4922079,2017-09-27
2018,1,신과함께-인과 연,12264813,12264813,2018-08-01
2018,2,어벤져스: 인피니티 워,11176953,11176953,2018-04-25
2018,3,보헤미안 랩소디,9610389,9610389,2018-10-31
2018,4,미션 임파서블: 폴아웃,6567099,6567099,2018-07-25
2018,5,신과함께-죄와 벌,5858615,14398110,2017-12-20
2018,6,쥬라기 월드: 폴른 킹덤,5644952,5644952,2018-06-06
2018,7,앤트맨과 와스프,5444801,5444801,2018-07-04
2018,8,안시성,5413370,5413370,2018-09-19
2018,9,블랙 팬서,5376460,5376460,2018-02-14
2018,10,1987,5276154,7218231,2017-12-27
2019,1,극한직업,16243231,16243231,2019-01-23
2019,2,어벤져스: 엔드게임,13887620,13887620,2019-04-24
2019,3,겨울왕국 2,13593927,13593927,2019-11-21
2019,4,알라딘,12501428,12501428,2019-05-23
2019,5,기생충,10041843,10041843,2019-05-30
2019,6,엑시트,9407840,9407840,2019-07-31
2019,7,스파이더맨: 파 프롬 홈,7996657,7996657,2019-07-02
2019,8,백두산,7479389,7479389,2019-12-19
2019,9,캡틴 마블,5796056,5796056,2019-03-06
2019,10,조커,5239865,5239865,2019-10-02
2020,1,남산의 부장들,4748005,4748005,2020-01-22
2020,2,다만 악에서 구하소서,4350493,4350493,2020-08-05
2020,3,반도,3810397,3810397,2020-07-15
2020,4,히트맨,2400805,2400805,2020-01-22
2020,5,테넷,1986083,1986083,2020-08-26
2020,6,#살아있다,1900331,1900331,2020-06-24
2020,7,강철비2: 정상회담,1789851,1789851,2020-07-29
2020,8,담보,1714500,1714500,2020-09-29
2020,9,닥터 두리틀,1604127,1604127,2020-01-08
2020,10,삼진그룹 영어토익반,1565712,1565712,2020-10-21
2021,1,스파이더맨: 노 웨이 홈,6075636,6075636,2021-12-15
2021,2,모가디슈,3604819,3604819,2021-07-28
2021,3,이터널스,3045764,3045764,2021-11-03
2021,4,블랙 위도우,2955481,2955481,2021-07-07
2021,5,분노의 질주: 더 얼티메이트,2276213,2276213,2021-05-19
2021,6,싱크홀,2182763,2182763,2021-08-11
2021,7,극장판 귀멸의 칼날: 무한열차편,2144756,2144756,2021-01-27
2021,8,베놈 2: 렛 데어 비 카니지,2120352,2120352,2021-10-13
2021,9,소울,2036088,2036088,2021-01-20
2021,10,크루엘라,1975467,1975467,2021-05-26
2022,1,범죄도시2,12684545,12684545,2022-05-18
2022,2,탑건: 매버릭,8156312,8156312,2022-06-22
2022,3,아바타: 물의 길,7742682,7742682,2022-12-14
2022,4,한산: 용의 출현,7250017,7250017,2022-07-27
2022,5,공조2: 인터내셔날,6974139,6974139,2022-09-07
2022,6,닥터 스트레인지: 대혼돈의 멀티버스,5881010,5881010,2022-05-04
2022,7,헌트,4344403,4344403,2022-08-10
2022,8,올빼미,3246186,3246186,2022-11-23
2022,9,쥬라기 월드: 도미니언,2832241,2832241,2022-06-01
2022,10,마녀(魔女) Part2. The Other One,2799699,2799699,2022-06-15
2023,1,서울의 봄,11854779,11854779,2023-11-22
2023,2,범죄도시3,10673784,10673784,2023-05-31
2023,3,엘리멘탈,7205607,7205607,2023-06-14
2023,4,스즈메의 문단속,5567283,5567283,2023-03-08
2023,5,밀수,5113127,5113127,2023-07-26
2023,6,더 퍼스트 슬램덩크,4660868,4660868,2023-01-04
2023,7,가디언즈 오브 갤럭시: Volume 3,4202900,4202900,2023-05-03
2023,8,미션 임파서블: 데드 레코닝 PART ONE,4013101,4013101,2023-07-12
2023,9,콘크리트 유토피아,3840463,3840463,2023-08-09
2023,10,노량: 죽음의 바다,3438133,3438133,2023-12-20
2024,1,파묘,11898834,11898834,2024-02-22
2024,2,범죄도시4,11492094,11492094,2024-04-24
2024,3,인사이드 아웃 2,8754802,8754802,2024-06-12
2024,4,베테랑2,7519841,7519841,2024-09-13
2024,5,파일럿,4670062,4670062,2024-07-31
2024,6,하얼빈,3672922,3672922,2024-12-24
2024,7,소방관,3551951,3551951,2024-12-04
2024,8,웡카,3526209,3526209,2024-01-31
2024,9,모아나 2,3453847,3453847,2024-11-27
2024,10,탈주,2544280,2544280,2024-07-03
2025,1,주토피아 2,8088641,8088641,2025-11-26
2025,2,극장판 귀멸의 칼날: 무한성편,5662697,5662697,2025-08-22
2025,3,좀비딸,5611484,5611484,2025-07-30
2025,4,아바타: 불과 재,5558159,5558159,2025-12-17
2025,5,F1 더 무비,5168297,5168297,2025-06-25
2025,6,극장판 체인소 맨: 레제편,3393420,3393420,2025-09-24
2025,7,미션 임파서블: 파이널 레코닝,3377496,3377496,2025-05-17
2025,8,야당,3368648,3368648,2025-04-16
2025,9,미키 17,2998400,2998400,2025-02-28
2025,10,어쩔수가없다,2919896,2919896,2025-09-24
2026,1,왕과 사는 남자,16880997,16880997,2026-02-04
2026,2,스파이더맨: 브랜드 뉴 데이,8127603,8127603,2026-07-29
2026,3,오디세이,7109334,7109334,2026-08-05
2026,4,군체,5842730,5842730,2026-05-21
2026,5,호프,4518393,4518393,2026-07-15
2026,6,살목지,3222485,3222485,2026-04-08
2026,7,토이 스토리 5,2939376,2939376,2026-06-17
2026,8,프로젝트 헤일메리,2876628,2876628,2026-03-18
2026,9,만약에 우리,2096831,2589945,2025-12-31
2026,10,휴민트,1978329,1978329,2026-02-11
