순위,영화명,개봉일,누적관객
1,명량,2014-07-30,17597914
2,왕과 사는 남자,2026-02-04,16880997
3,극한직업,2019-01-23,16243231
4,신과함께-죄와 벌,2017-12-20,14398110
5,국제시장,2014-12-17,14198690
6,어벤져스: 엔드게임,2019-04-24,13967234
7,겨울왕국 2,2019-11-21,13721190
8,베테랑,2015-08-05,13397762
9,아바타,2009-12-17,13324025
10,서울의 봄,2023-11-22,13114138
11,도둑들,2012-07-25,12979237
12,알라딘,2019-05-23,12794298
13,7번방의 선물,2013-01-23,12786081
14,범죄도시2,2022-05-18,12684545
15,암살,2015-07-22,12679383
16,"광해, 왕이 된 남자",2012-09-13,12274154
17,신과함께-인과 연,2018-08-01,12264813
18,택시운전사,2017-08-02,12176753
19,파묘,2024-02-22,11898834
20,부산행,2016-07-20,11531866
21,범죄도시4,2024-04-24,11492094
22,변호인,2013-12-18,11311449
23,해운대,2009-07-22,11276049
24,어벤져스: 인피니티 워,2018-04-25,11176953
25,괴물,2006-07-27,10892305
26,아바타: 물의 길,2022-12-14,10772840
27,범죄도시3,2023-05-31,10673784
28,어벤져스: 에이지 오브 울트론,2015-04-23,10501765
29,왕의 남자,2005-12-29,10489308
30,인터스텔라,2014-11-06,10370394
31,겨울왕국,2014-01-16,10324794
32,기생충,2019-05-30,10307053
33,보헤미안 랩소디,2018-10-31,9910706
34,검사외전,2016-02-03,9664799
35,엑시트,2019-07-31,9407840
36,설국열차,2013-08-01,9321959
37,관상,2013-09-11,9121108
38,아이언맨 3,2013-04-25,8968799
39,인사이드 아웃 2,2024-06-12,8754802
40,캡틴 아메리카: 시빌 워,2016-04-27,8650500
41,수상한 그녀,2014-01-22,8642334
42,해적: 바다로 간 산적,2014-08-06,8625574
43,주토피아 2,2025-11-26,8589640
44,탑건: 매버릭,2022-06-22,8270540
45,백두산,2019-12-19,8242478
46,과속스캔들,2008-12-03,8199215
47,스파이더맨: 브랜드 뉴 데이,2026-07-29,8127603
48,국가대표,2009-07-29,8002297
49,스파이더맨: 파 프롬 홈,2019-07-02,7996657
50,디워,2007-08-01,7854274
51,공조,2017-01-18,7796328
52,트랜스포머 3,2011-06-29,7768284
53,히말라야,2015-12-16,7725579
54,스파이더맨: 노 웨이 홈,2021-12-15,7544778
55,베테랑2,2024-09-13,7519841
56,미션임파서블:고스트프로토콜,2011-12-15,7493649
57,최종병기 활,2011-08-10,7463056
58,밀정,2016-09-07,7458824
59,트랜스포머: 패자의 역습,2009-06-24,7387680
60,트랜스포머,2007-06-28,7346198
61,써니,2011-05-04,7318389
62,한산: 용의 출현,2022-07-27,7250017
63,스파이더맨: 홈 커밍,2017-07-05,7240766
64,1987,2017-12-27,7218231
65,엘리멘탈,2023-06-14,7205607
66,베를린,2013-01-30,7146760
67,마스터,2016-12-21,7133595
68,오디세이,2026-08-05,7109334
69,어벤져스,2012-04-26,7084961
70,터널,2016-08-10,7076050
71,내부자들,2015-11-19,7068121
72,인천상륙작전,2016-07-27,7033357
73,공조2: 인터내셔날,2022-09-07,6974139
74,럭키,2016-10-13,6969184
75,은밀하게 위대하게,2013-06-05,6950740
76,범죄도시,2017-10-03,6861910
77,곡성,2016-05-12,6853336
78,화려한 휴가,2007-07-25,6845718
79,아바타: 불과 재,2025-12-17,6724392
80,"좋은 놈, 나쁜 놈, 이상한 놈 ",2008-07-17,6676132
81,늑대소년,2012-10-31,6627275
82,미션 임파서블: 폴아웃,2018-07-25,6567099
83,군함도,2017-07-26,6554420
84,다크 나이트 라이즈,2012-07-19,6428445
85,웰컴 투 동막골,2005-08-04,6413223
86,사도,2015-09-16,6229050
87,아저씨,2010-08-04,6159376
88,킹스맨 : 시크릿 에이전트,2015-02-11,6126021
89,미션 임파서블: 로그네이션,2015-07-30,6117472
90,연평해전,2015-06-24,6036988
91,전우치,2009-12-23,6022722
92,미녀는 괴로워,2006-12-14,6018121
93,인셉션,2010-07-21,6012199
94,닥터 스트레인지: 대혼돈의 멀티버스,2022-05-04,5881010
95,군체,2026-05-21,5842730
96,레미제라블,2012-12-19,5835014
97,극장판 귀멸의 칼날: 무한성편,2025-08-22,5801827
98,캡틴 마블,2019-03-06,5796056
99,쥬라기 월드: 폴른 킹덤,2018-06-06,5644952
100,청년경찰,2017-08-09,5638636
101,좀비딸,2025-07-30,5611484
102,숨바꼭질,2013-08-14,5581942
103,더 테러 라이브,2013-07-31,5580701
104,타짜,2006-09-28,5577385
105,덕혜옹주,2016-08-03,5568667
106,스즈메의 문단속,2023-03-08,5567283
107,쥬라기 월드,2015-06-11,5540864
108,감시자들,2013-07-03,5500389
109,앤트맨과 와스프,2018-07-04,5444801
110,검은 사제들,2015-11-05,5437772
111,닥터 스트레인지,2016-10-26,5436233
112,안시성,2018-09-19,5413370
113,의형제,2010-02-04,5405194
114,2012,2009-11-12,5386352
115,블랙 팬서,2018-02-14,5376460
116,완득이,2011-10-20,5296320
117,트랜스포머: 사라진 시대,2014-06-25,5286024
118,조커,2019-10-02,5273111
119,더 킹,2017-01-18,5271641
120,완벽한 타인,2018-10-31,5270621
121,F1 더 무비,2025-06-25,5261209
122,월드 워 Z,2013-06-20,5218825
123,미녀와 야수,2017-03-16,5152434
124,타워,2012-12-25,5142969
125,미션 임파서블 3,2006-05-03,5119669
126,밀수,2023-07-26,5113127
127,쿵푸팬더 2,2011-05-26,5057595
128,독전,2018-05-22,5053105
129,추격자,2008-02-14,5033022
130,아쿠아맨,2018-12-19,5019235
131,투사부일체,2006-01-19,4997745
132,공작,2018-08-08,4968325
133,인사이드 아웃,2015-07-09,4941734
134,킹스맨: 골든 서클,2017-09-27,4922079
135,더 퍼스트 슬램덩크,2023-01-04,4918475
136,바람과 함께 사라지다,2012-08-08,4898495
137,하얼빈,2024-12-24,4896225
138,마션,2015-10-08,4872780
139,어메이징 스파이더맨,2012-06-28,4845970
140,토르: 라그나로크,2017-10-25,4823188
141,봉오동 전투,2019-08-07,4767092
142,조선명탐정 : 각시투구꽃의 비밀,2011-01-27,4766907
143,남산의 부장들,2020-01-22,4748005
144,"님아, 그 강을 건너지 마오",2014-11-27,4746458
145,군도: 민란의 시대,2014-07-23,4741281
146,주토피아,2016-02-17,4695025
147,라이온 킹,2019-07-17,4684247
148,범죄와의 전쟁: 나쁜놈들 전성시대,2012-02-02,4682529
149,엣지 오브 투모로우,2014-06-04,4678236
150,신세계,2013-02-21,4670388
151,파일럿,2024-07-31,4670062
152,신비한 동물사전,2016-11-16,4652626
153,쿵푸 팬더,2008-06-05,4643518
154,도가니,2011-09-22,4636595
155,스파이더맨 3,2007-05-01,4579910
156,내 아내의 모든 것,2012-05-17,4578886
157,캐리비안의 해적: 세상의 끝에서,2007-05-23,4562802
158,나쁜 녀석들: 더 무비,2019-09-11,4556691
159,노량: 죽음의 바다,2023-12-20,4550731
160,판도라,2016-12-07,4545686
161,호프,2026-07-15,4518393
162,가문의 위기,2005-09-07,4508292
163,맘마미아!,2008-09-03,4504067
164,연가시,2012-07-05,4499856
165,터미네이터 : 미래전쟁의 시작,2009-05-21,4486511
166,강철비,2017-12-14,4436231
167,아이언맨 2,2010-04-29,4400089
168,해리 포터와 죽음의 성물2,2011-07-13,4358195
169,다만 악에서 구하소서,2020-08-05,4350493
170,헌트,2022-08-10,4344403
171,강철중: 공공의 적 1-1,2008-06-19,4310578
172,엑스맨: 데이즈 오브 퓨처 패스트,2014-05-22,4310013
173,아이언맨,2008-04-30,4283819
174,다크 나이트,2008-08-06,4266806
175,아가씨,2016-06-01,4215263
176,가디언즈 오브 갤럭시: Volume 3,2023-05-03,4202900
177,말아톤,2005-01-27,4155296
178,어메이징 스파이더맨 2,2014-04-23,4136519
179,용의자,2013-12-24,4127745
180,박물관이 살아있다!,2006-12-21,4110118
181,인디아나 존스 4 : 크리스탈 해골의 왕국,2008-05-22,4096532
182,건축학개론,2012-03-22,4082092
183,댄싱퀸,2012-01-18,4048125
184,미션 임파서블: 데드 레코닝 PART ONE,2023-07-12,4013101
185,타짜-신의 손,2014-09-03,4011788
186,7급 공무원,2009-04-22,4002500
187,혹성탈출: 반격의 서막,2014-07-10,4001487
188,미이라 3:황제의 무덤,2008-07-30,3998989
189,꾼,2017-11-22,3992574
190,캡틴 아메리카: 윈터 솔져,2014-03-26,3959198
191,우리 생애 최고의 순간,2008-01-10,3959087
192,매드 맥스: 분노의 도로,2015-05-14,3910308
193,너의 이름은.,2017-01-04,3907409
194,쿵푸팬더3,2016-01-28,3898675
195,캐리비안의 해적 : 망자의 함,2006-07-06,3898341
196,박수건달,2013-01-09,3884350
197,베놈,2018-10-03,3851409
198,소방관,2024-12-04,3840551
199,콘크리트 유토피아,2023-08-09,3840463
200,역린,2014-04-30,3839411
201,조선명탐정 : 사라진 놉의 딸,2015-02-11,3832898
202,남한산성,2017-10-03,3826223
203,반도,2020-07-15,3810397
204,데드풀 2,2018-05-16,3777696
205,암수살인,2018-10-03,3777611
206,라라랜드,2016-12-07,3748316
207,비긴 어게인,2014-08-13,3740476
208,국가부도의 날,2018-11-28,3723913
209,신기전,2008-09-04,3710813
210,미이라,2017-06-06,3678083
211,82년생 김지영,2019-10-23,3665813
212,해리 포터와 불사조 기사단,2007-07-11,3656865
213,분노의 질주: 홉스&쇼,2019-08-14,3649860
214,쌍화점,2008-12-30,3645900
215,분노의 질주: 더 익스트림,2017-04-12,3645767
216,모가디슈,2021-07-28,3604819
217,인턴,2015-09-24,3602931
218,귀향,2016-02-24,3571853
219,리얼 스틸,2011-10-12,3566300
220,신의 한 수,2014-07-03,3563970
221,웡카,2024-01-31,3526209
222,모아나 2,2024-11-27,3522517
223,해리 포터와 불의 잔,2005-12-01,3494937
224,코코,2018-01-11,3488960
225,태풍,2005-12-14,3456331
226,끝까지 간다,2014-05-29,3442630
227,킹콩,2005-12-14,3441206
228,부러진 화살,2012-01-18,3436171
229,어바웃 타임,2013-12-05,3435478
230,스파이,2013-09-05,3405822
231,극장판 체인소 맨: 레제편,2025-09-24,3393420
232,돈,2019-03-20,3388756
233,미션 임파서블: 파이널 레코닝,2025-05-17,3377496
234,야당,2025-04-16,3368648
235,그것만이 내 세상,2018-01-17,3368262
236,토이 스토리 4,2019-06-20,3355807
237,맨 인 블랙 3,2012-05-24,3352868
238,악인전,2019-05-15,3346654
239,이끼,2010-07-14,3335242
240,올빼미,2022-11-23,3317511
241,시동,2019-12-18,3308844
242,슈퍼배드 3,2017-07-26,3307911
243,포화속으로,2010-06-16,3307797
244,데드풀,2016-02-17,3303561
245,한반도,2006-07-13,3296716
246,그래비티,2013-10-17,3292521
247,아이 캔 스피크,2017-09-21,3258260
248,스타워즈: 깨어난 포스,2015-12-17,3232797
249,터미네이터 제니시스,2015-07-02,3231238
250,영웅,2022-12-21,3230573
251,살목지,2026-04-08,3222485
252,오펜하이머,2023-08-15,3208000
253,분노의 질주: 더 세븐,2015-04-01,3206228
254,아일랜드,2005-07-21,3197261
255,마녀,2018-06-27,3188405
256,다이 하드 4 : 죽어도 산다,2007-07-17,3139500
257,탐정: 리턴즈,2018-06-13,3132986
258,공공의 적 2,2005-01-27,3123600
259,감기,2013-08-14,3107800
260,캐리비안의 해적: 낯선 조류,2011-05-19,3107674
261,퀵,2011-07-20,3104096
262,나우 유 씨 미 2,2016-07-13,3096296
263,친절한 금자씨,2005-07-29,3079279
264,이터널스,2021-11-03,3045764
265,캐리비안의 해적: 죽은 자는 말이 없다,2017-05-24,3039593
266,스물,2015-03-25,3031466
267,거북이 달린다,2009-06-11,3017903
268,헬로우 고스트,2010-12-22,3015394
269,토르: 다크 월드,2013-10-30,3015162
270,하모니,2010-01-28,3004402
271,미키 17,2025-02-28,2998400
272,인크레더블 2,2018-07-18,2998015
273,다빈치 코드,2006-05-18,2993922
274,해리 포터와 혼혈 왕자,2009-07-15,2993239
275,레드: 더 레전드,2013-07-18,2986373
276,드래곤 길들이기 2,2014-07-23,2981802
277,형,2016-11-23,2975602
278,방자전,2010-06-02,2974675
279,마더,2009-05-28,2973710
280,친구 2,2013-11-14,2964798
281,식객,2007-11-01,2958352
282,미스터 & 미세스 스미스,2005-06-16,2957303
283,블랙 위도우,2021-07-07,2955481
284,오싹한 연애,2011-12-01,2952858
285,서치,2018-08-29,2944333
286,토이 스토리 5,2026-06-17,2939376
287,엑스맨: 아포칼립스,2016-05-25,2930866
288,고지전,2011-07-20,2925790
289,프리즌,2017-03-23,2920530
290,어쩔수가없다,2025-09-24,2919896
291,가장 보통의 연애,2019-10-02,2918536
292,그놈 목소리,2007-02-01,2911117
293,300,2007-03-14,2897382
294,해리 포터와 죽음의 성물1,2010-12-15,2881718
295,프로젝트 헤일메리,2026-03-18,2876628
296,26년,2012-11-29,2874554
297,말모이,2019-01-09,2848736
298,워낭소리,2009-01-15,2845331
299,원티드,2008-06-26,2843024
300,솔트,2010-07-29,2841792
